source,division,rank,fighter,is_champion,is_interim,as_of,url,promotion
ESPN,Heavyweight,1,Ciryl Gane,False,True,2026-06-23,https://www.espn.com/mma/story/_/id/21807736/mma-fighter-rankings,UFC
ESPN,Heavyweight,2,Tom Aspinall,True,False,2026-06-23,https://www.espn.com/mma/story/_/id/21807736/mma-fighter-rankings,UFC
ESPN,Heavyweight,3,Francis Ngannou,False,False,2026-06-23,https://www.espn.com/mma/story/_/id/21807736/mma-fighter-rankings,
ESPN,Heavyweight,4,Alexander Volkov,False,False,2026-06-23,https://www.espn.com/mma/story/_/id/21807736/mma-fighter-rankings,
ESPN,Heavyweight,5,Sergei Pavlovich,False,False,2026-06-23,https://www.espn.com/mma/story/_/id/21807736/mma-fighter-rankings,
ESPN,Heavyweight,6,Waldo Cortes-Acosta,False,False,2026-06-23,https://www.espn.com/mma/story/_/id/21807736/mma-fighter-rankings,
ESPN,Heavyweight,7,Vadim Nemkov,True,False,2026-06-23,https://www.espn.com/mma/story/_/id/21807736/mma-fighter-rankings,PFL
ESPN,Heavyweight,8,Josh Hokit,False,False,2026-06-23,https://www.espn.com/mma/story/_/id/21807736/mma-fighter-rankings,
ESPN,Heavyweight,9,Serghei Spivac,False,False,2026-06-23,https://www.espn.com/mma/story/_/id/21807736/mma-fighter-rankings,
ESPN,Heavyweight,10,Curtis Blaydes,False,False,2026-06-23,https://www.espn.com/mma/story/_/id/21807736/mma-fighter-rankings,
ESPN,Light Heavyweight,1,Alex Pereira,False,False,2026-06-23,https://www.espn.com/mma/story/_/id/21807736/mma-fighter-rankings,
ESPN,Light Heavyweight,2,Magomed Ankalaev,False,False,2026-06-23,https://www.espn.com/mma/story/_/id/21807736/mma-fighter-rankings,
ESPN,Light Heavyweight,3,Carlos Ulberg,True,False,2026-06-23,https://www.espn.com/mma/story/_/id/21807736/mma-fighter-rankings,UFC
ESPN,Light Heavyweight,4,Jirí Procházka,False,False,2026-06-23,https://www.espn.com/mma/story/_/id/21807736/mma-fighter-rankings,
ESPN,Light Heavyweight,5,Khalil Rountree Jr.,False,False,2026-06-23,https://www.espn.com/mma/story/_/id/21807736/mma-fighter-rankings,
ESPN,Light Heavyweight,6,Paulo Costa,False,False,2026-06-23,https://www.espn.com/mma/story/_/id/21807736/mma-fighter-rankings,
ESPN,Light Heavyweight,7,Azamat Murzakanov,False,False,2026-06-23,https://www.espn.com/mma/story/_/id/21807736/mma-fighter-rankings,
ESPN,Light Heavyweight,8,Dominick Reyes,False,False,2026-06-23,https://www.espn.com/mma/story/_/id/21807736/mma-fighter-rankings,
ESPN,Light Heavyweight,9,Aleksandar Rakic,False,False,2026-06-23,https://www.espn.com/mma/story/_/id/21807736/mma-fighter-rankings,
ESPN,Light Heavyweight,10,Dustin Jacoby,False,False,2026-06-23,https://www.espn.com/mma/story/_/id/21807736/mma-fighter-rankings,
ESPN,Middleweight,1,Sean Strickland,True,False,2026-06-23,https://www.espn.com/mma/story/_/id/21807736/mma-fighter-rankings,UFC
ESPN,Middleweight,2,Khamzat Chimaev,False,False,2026-06-23,https://www.espn.com/mma/story/_/id/21807736/mma-fighter-rankings,
ESPN,Middleweight,3,Dricus du Plessis,False,False,2026-06-23,https://www.espn.com/mma/story/_/id/21807736/mma-fighter-rankings,
ESPN,Middleweight,4,Nassourdine Imavov,False,False,2026-06-23,https://www.espn.com/mma/story/_/id/21807736/mma-fighter-rankings,
ESPN,Middleweight,5,Caio Borralho,False,False,2026-06-23,https://www.espn.com/mma/story/_/id/21807736/mma-fighter-rankings,
ESPN,Middleweight,6,Anthony Hernandez,False,False,2026-06-23,https://www.espn.com/mma/story/_/id/21807736/mma-fighter-rankings,
ESPN,Middleweight,7,Brendan Allen,False,False,2026-06-23,https://www.espn.com/mma/story/_/id/21807736/mma-fighter-rankings,
ESPN,Middleweight,8,Joe Pyfer,False,False,2026-06-23,https://www.espn.com/mma/story/_/id/21807736/mma-fighter-rankings,
ESPN,Middleweight,9,Israel Adesanya,False,False,2026-06-23,https://www.espn.com/mma/story/_/id/21807736/mma-fighter-rankings,
ESPN,Middleweight,10,Reinier de Ridder,False,False,2026-06-23,https://www.espn.com/mma/story/_/id/21807736/mma-fighter-rankings,
ESPN,Welterweight,1,Islam Makhachev,True,False,2026-06-23,https://www.espn.com/mma/story/_/id/21807736/mma-fighter-rankings,UFC
ESPN,Welterweight,2,Ian Machado Garry,False,False,2026-06-23,https://www.espn.com/mma/story/_/id/21807736/mma-fighter-rankings,
ESPN,Welterweight,3,Carlos Prates,False,False,2026-06-23,https://www.espn.com/mma/story/_/id/21807736/mma-fighter-rankings,
ESPN,Welterweight,4,Michael Morales,False,False,2026-06-23,https://www.espn.com/mma/story/_/id/21807736/mma-fighter-rankings,
ESPN,Welterweight,5,Jack Della Maddalena,False,False,2026-06-23,https://www.espn.com/mma/story/_/id/21807736/mma-fighter-rankings,
ESPN,Welterweight,6,Sean Brady,False,False,2026-06-23,https://www.espn.com/mma/story/_/id/21807736/mma-fighter-rankings,
ESPN,Welterweight,7,Gabriel Bonfim,False,False,2026-06-23,https://www.espn.com/mma/story/_/id/21807736/mma-fighter-rankings,
ESPN,Welterweight,8,Joaquin Buckley,False,False,2026-06-23,https://www.espn.com/mma/story/_/id/21807736/mma-fighter-rankings,
ESPN,Welterweight,9,Belal Muhammad,False,False,2026-06-23,https://www.espn.com/mma/story/_/id/21807736/mma-fighter-rankings,
ESPN,Welterweight,10,Yaroslav Amosov,False,False,2026-06-23,https://www.espn.com/mma/story/_/id/21807736/mma-fighter-rankings,
ESPN,Lightweight,1,Justin Gaethje,True,False,2026-06-23,https://www.espn.com/mma/story/_/id/21807736/mma-fighter-rankings,UFC
ESPN,Lightweight,2,Ilia Topuria,False,False,2026-06-23,https://www.espn.com/mma/story/_/id/21807736/mma-fighter-rankings,
ESPN,Lightweight,3,Arman Tsarukyan,False,False,2026-06-23,https://www.espn.com/mma/story/_/id/21807736/mma-fighter-rankings,
ESPN,Lightweight,4,Charles Oliveira,False,False,2026-06-23,https://www.espn.com/mma/story/_/id/21807736/mma-fighter-rankings,
ESPN,Lightweight,5,Max Holloway,False,False,2026-06-23,https://www.espn.com/mma/story/_/id/21807736/mma-fighter-rankings,
ESPN,Lightweight,6,Usman Nurmagomedov,True,False,2026-06-23,https://www.espn.com/mma/story/_/id/21807736/mma-fighter-rankings,PFL
ESPN,Lightweight,7,Benoît Saint Denis,False,False,2026-06-23,https://www.espn.com/mma/story/_/id/21807736/mma-fighter-rankings,
ESPN,Lightweight,8,Mauricio Ruffy,False,False,2026-06-23,https://www.espn.com/mma/story/_/id/21807736/mma-fighter-rankings,
ESPN,Lightweight,9,Mateusz Gamrot,False,False,2026-06-23,https://www.espn.com/mma/story/_/id/21807736/mma-fighter-rankings,
ESPN,Lightweight,10,Paddy Pimblett,False,False,2026-06-23,https://www.espn.com/mma/story/_/id/21807736/mma-fighter-rankings,
ESPN,Featherweight,1,Alexander Volkanovski,True,False,2026-06-23,https://www.espn.com/mma/story/_/id/21807736/mma-fighter-rankings,UFC
ESPN,Featherweight,2,Movsar Evloev,False,False,2026-06-23,https://www.espn.com/mma/story/_/id/21807736/mma-fighter-rankings,
ESPN,Featherweight,3,Diego Lopes,False,False,2026-06-23,https://www.espn.com/mma/story/_/id/21807736/mma-fighter-rankings,
ESPN,Featherweight,4,Aljamain Sterling,False,False,2026-06-23,https://www.espn.com/mma/story/_/id/21807736/mma-fighter-rankings,
ESPN,Featherweight,5,Lerone Murphy,False,False,2026-06-23,https://www.espn.com/mma/story/_/id/21807736/mma-fighter-rankings,
ESPN,Featherweight,6,Jean Silva,False,False,2026-06-23,https://www.espn.com/mma/story/_/id/21807736/mma-fighter-rankings,
ESPN,Featherweight,7,Kevin Vallejos,False,False,2026-06-23,https://www.espn.com/mma/story/_/id/21807736/mma-fighter-rankings,
ESPN,Featherweight,8,Steve Garcia,False,False,2026-06-23,https://www.espn.com/mma/story/_/id/21807736/mma-fighter-rankings,
ESPN,Featherweight,9,Arnold Allen,False,False,2026-06-23,https://www.espn.com/mma/story/_/id/21807736/mma-fighter-rankings,
ESPN,Featherweight,10,Youssef Zalal,False,False,2026-06-23,https://www.espn.com/mma/story/_/id/21807736/mma-fighter-rankings,
ESPN,Bantamweight,1,Petr Yan,True,False,2026-06-23,https://www.espn.com/mma/story/_/id/21807736/mma-fighter-rankings,UFC
ESPN,Bantamweight,2,Merab Dvalishvili,False,False,2026-06-23,https://www.espn.com/mma/story/_/id/21807736/mma-fighter-rankings,
ESPN,Bantamweight,3,Sean O'Malley,False,False,2026-06-23,https://www.espn.com/mma/story/_/id/21807736/mma-fighter-rankings,
ESPN,Bantamweight,4,Umar Nurmagomedov,False,False,2026-06-23,https://www.espn.com/mma/story/_/id/21807736/mma-fighter-rankings,
ESPN,Bantamweight,5,Cory Sandhagen,False,False,2026-06-23,https://www.espn.com/mma/story/_/id/21807736/mma-fighter-rankings,
ESPN,Bantamweight,6,Mario Bautista,False,False,2026-06-23,https://www.espn.com/mma/story/_/id/21807736/mma-fighter-rankings,
ESPN,Bantamweight,7,Song Yadong,False,False,2026-06-23,https://www.espn.com/mma/story/_/id/21807736/mma-fighter-rankings,
ESPN,Bantamweight,8,Aiemann Zahabi,False,False,2026-06-23,https://www.espn.com/mma/story/_/id/21807736/mma-fighter-rankings,
ESPN,Bantamweight,9,Deiveson Figueiredo,False,False,2026-06-23,https://www.espn.com/mma/story/_/id/21807736/mma-fighter-rankings,
ESPN,Bantamweight,10,David Martinez,False,False,2026-06-23,https://www.espn.com/mma/story/_/id/21807736/mma-fighter-rankings,
ESPN,Flyweight,1,Joshua Van,True,False,2026-06-23,https://www.espn.com/mma/story/_/id/21807736/mma-fighter-rankings,UFC
ESPN,Flyweight,2,Alexandre Pantoja,False,False,2026-06-23,https://www.espn.com/mma/story/_/id/21807736/mma-fighter-rankings,
ESPN,Flyweight,3,Manel Kape,False,False,2026-06-23,https://www.espn.com/mma/story/_/id/21807736/mma-fighter-rankings,
ESPN,Flyweight,4,Tatsuro Taira,False,False,2026-06-23,https://www.espn.com/mma/story/_/id/21807736/mma-fighter-rankings,
ESPN,Flyweight,5,Brandon Royval,False,False,2026-06-23,https://www.espn.com/mma/story/_/id/21807736/mma-fighter-rankings,
ESPN,Flyweight,6,Kyoji Horiguchi,False,False,2026-06-23,https://www.espn.com/mma/story/_/id/21807736/mma-fighter-rankings,
ESPN,Flyweight,7,Lone'er Kavanagh,False,False,2026-06-23,https://www.espn.com/mma/story/_/id/21807736/mma-fighter-rankings,
ESPN,Flyweight,8,Brandon Moreno,False,False,2026-06-23,https://www.espn.com/mma/story/_/id/21807736/mma-fighter-rankings,
ESPN,Flyweight,9,Kai Kara-France,False,False,2026-06-23,https://www.espn.com/mma/story/_/id/21807736/mma-fighter-rankings,
ESPN,Flyweight,10,Muhammad Mokaev,True,False,2026-06-23,https://www.espn.com/mma/story/_/id/21807736/mma-fighter-rankings,Brave CF
ESPN,Women's Bantamweight,1,Joselyne Edwards,False,False,2026-06-23,https://www.espn.com/mma/story/_/id/21807736/mma-fighter-rankings,
ESPN,Women's Bantamweight,2,Norma Dumont,False,False,2026-06-23,https://www.espn.com/mma/story/_/id/21807736/mma-fighter-rankings,
ESPN,Women's Bantamweight,3,Ketlen Vieira,False,False,2026-06-23,https://www.espn.com/mma/story/_/id/21807736/mma-fighter-rankings,
ESPN,Women's Bantamweight,4,Ailin Perez,False,False,2026-06-23,https://www.espn.com/mma/story/_/id/21807736/mma-fighter-rankings,
ESPN,Women's Bantamweight,5,Yana Santos,False,False,2026-06-23,https://www.espn.com/mma/story/_/id/21807736/mma-fighter-rankings,
ESPN,Women's Bantamweight,6,Macy Chiasson,False,False,2026-06-23,https://www.espn.com/mma/story/_/id/21807736/mma-fighter-rankings,
ESPN,Women's Bantamweight,7,Luana Santos,False,False,2026-06-23,https://www.espn.com/mma/story/_/id/21807736/mma-fighter-rankings,
ESPN,Women's Bantamweight,8,Jacqueline Cavalcanti,False,False,2026-06-23,https://www.espn.com/mma/story/_/id/21807736/mma-fighter-rankings,
ESPN,Women's Bantamweight,9,Karol Rosa,False,False,2026-06-23,https://www.espn.com/mma/story/_/id/21807736/mma-fighter-rankings,
ESPN,Women's Bantamweight,10,Nora Cornolle,False,False,2026-06-23,https://www.espn.com/mma/story/_/id/21807736/mma-fighter-rankings,
ESPN,Women's Flyweight,1,Valentina Shevchenko,True,False,2026-06-23,https://www.espn.com/mma/story/_/id/21807736/mma-fighter-rankings,UFC
ESPN,Women's Flyweight,2,Manon Fiorot,False,False,2026-06-23,https://www.espn.com/mma/story/_/id/21807736/mma-fighter-rankings,
ESPN,Women's Flyweight,3,Natalia Silva,False,False,2026-06-23,https://www.espn.com/mma/story/_/id/21807736/mma-fighter-rankings,
ESPN,Women's Flyweight,4,Erin Blanchfield,False,False,2026-06-23,https://www.espn.com/mma/story/_/id/21807736/mma-fighter-rankings,
ESPN,Women's Flyweight,5,Alexa Grasso,False,False,2026-06-23,https://www.espn.com/mma/story/_/id/21807736/mma-fighter-rankings,
ESPN,Women's Flyweight,6,Dakota Ditcheva,False,False,2026-06-23,https://www.espn.com/mma/story/_/id/21807736/mma-fighter-rankings,
ESPN,Women's Flyweight,7,Maycee Barber,False,False,2026-06-23,https://www.espn.com/mma/story/_/id/21807736/mma-fighter-rankings,
ESPN,Women's Flyweight,8,Jasmine Jasudavicius,False,False,2026-06-23,https://www.espn.com/mma/story/_/id/21807736/mma-fighter-rankings,
ESPN,Women's Flyweight,9,Rose Namajunas,False,False,2026-06-23,https://www.espn.com/mma/story/_/id/21807736/mma-fighter-rankings,
ESPN,Women's Flyweight,10,Liz Carmouche,False,False,2026-06-23,https://www.espn.com/mma/story/_/id/21807736/mma-fighter-rankings,
ESPN,Women's Strawweight,1,Zhang Weili,False,False,2026-06-23,https://www.espn.com/mma/story/_/id/21807736/mma-fighter-rankings,
ESPN,Women's Strawweight,2,Mackenzie Dern,True,False,2026-06-23,https://www.espn.com/mma/story/_/id/21807736/mma-fighter-rankings,UFC
ESPN,Women's Strawweight,3,Virna Jandiroba,False,False,2026-06-23,https://www.espn.com/mma/story/_/id/21807736/mma-fighter-rankings,
ESPN,Women's Strawweight,4,Tatiana Suarez,False,False,2026-06-23,https://www.espn.com/mma/story/_/id/21807736/mma-fighter-rankings,
ESPN,Women's Strawweight,5,Gillian Robertson,False,False,2026-06-23,https://www.espn.com/mma/story/_/id/21807736/mma-fighter-rankings,
ESPN,Women's Strawweight,6,Amanda Lemos,False,False,2026-06-23,https://www.espn.com/mma/story/_/id/21807736/mma-fighter-rankings,
ESPN,Women's Strawweight,7,Loopy Godínez,False,False,2026-06-23,https://www.espn.com/mma/story/_/id/21807736/mma-fighter-rankings,
ESPN,Women's Strawweight,8,Iasmin Lucindo,False,False,2026-06-23,https://www.espn.com/mma/story/_/id/21807736/mma-fighter-rankings,
ESPN,Women's Strawweight,9,Tabatha Ricci,False,False,2026-06-23,https://www.espn.com/mma/story/_/id/21807736/mma-fighter-rankings,
ESPN,Women's Strawweight,10,Amanda Ribas,False,False,2026-06-23,https://www.espn.com/mma/story/_/id/21807736/mma-fighter-rankings,
