source,division,rank,fighter,is_champion,is_interim,as_of,url
Meta UFC Rankings,Flyweight,0,Joshua Van,1,0,2026-09-26,https://www.ufc.com/rankings
Meta UFC Rankings,Flyweight,1,Manel Kape,0,0,2026-09-26,https://www.ufc.com/rankings
Meta UFC Rankings,Flyweight,2,Alexandre Pantoja,0,0,2026-09-26,https://www.ufc.com/rankings
Meta UFC Rankings,Flyweight,3,Brandon Royval,0,0,2026-09-26,https://www.ufc.com/rankings
Meta UFC Rankings,Flyweight,4,Tatsuro Taira,0,0,2026-09-26,https://www.ufc.com/rankings
Meta UFC Rankings,Flyweight,5,Asu Almabayev,0,0,2026-09-26,https://www.ufc.com/rankings
Meta UFC Rankings,Flyweight,6,Lone'er Kavanagh,0,0,2026-09-26,https://www.ufc.com/rankings
Meta UFC Rankings,Flyweight,7,Ramazan Temirov,0,0,2026-09-26,https://www.ufc.com/rankings
Meta UFC Rankings,Flyweight,8,Kyoji Horiguchi,0,0,2026-09-26,https://www.ufc.com/rankings
Meta UFC Rankings,Flyweight,9,Brandon Moreno,0,0,2026-09-26,https://www.ufc.com/rankings
Meta UFC Rankings,Flyweight,10,Amir Albazi,0,0,2026-09-26,https://www.ufc.com/rankings
Meta UFC Rankings,Flyweight,11,Sumudaerji,0,0,2026-09-26,https://www.ufc.com/rankings
Meta UFC Rankings,Flyweight,12,Mitch Raposo,0,0,2026-09-26,https://www.ufc.com/rankings
Meta UFC Rankings,Flyweight,13,Rei Tsuruya,0,0,2026-09-26,https://www.ufc.com/rankings
Meta UFC Rankings,Flyweight,14,Charles Johnson,0,0,2026-09-26,https://www.ufc.com/rankings
Meta UFC Rankings,Flyweight,15,Alessandro Costa,0,0,2026-09-26,https://www.ufc.com/rankings
Meta UFC Rankings,Bantamweight,0,Petr Yan,1,0,2026-09-26,https://www.ufc.com/rankings
Meta UFC Rankings,Bantamweight,1,Merab Dvalishvili,0,0,2026-09-26,https://www.ufc.com/rankings
Meta UFC Rankings,Bantamweight,2,Song Yadong,0,0,2026-09-26,https://www.ufc.com/rankings
Meta UFC Rankings,Bantamweight,3,Sean O'Malley,0,0,2026-09-26,https://www.ufc.com/rankings
Meta UFC Rankings,Bantamweight,4,Mario Bautista,0,0,2026-09-26,https://www.ufc.com/rankings
Meta UFC Rankings,Bantamweight,5,Umar Nurmagomedov,0,0,2026-09-26,https://www.ufc.com/rankings
Meta UFC Rankings,Bantamweight,6,Cory Sandhagen,0,0,2026-09-26,https://www.ufc.com/rankings
Meta UFC Rankings,Bantamweight,7,David Martinez,0,0,2026-09-26,https://www.ufc.com/rankings
Meta UFC Rankings,Bantamweight,8,Raul Rosas Jr.,0,0,2026-09-26,https://www.ufc.com/rankings
Meta UFC Rankings,Bantamweight,9,Farid Basharat,0,0,2026-09-26,https://www.ufc.com/rankings
Meta UFC Rankings,Bantamweight,10,Marcus McGhee,0,0,2026-09-26,https://www.ufc.com/rankings
Meta UFC Rankings,Bantamweight,11,Deiveson Figueiredo,0,0,2026-09-26,https://www.ufc.com/rankings
Meta UFC Rankings,Bantamweight,12,Montel Jackson,0,0,2026-09-26,https://www.ufc.com/rankings
Meta UFC Rankings,Bantamweight,13,Aiemann Zahabi,0,0,2026-09-26,https://www.ufc.com/rankings
Meta UFC Rankings,Bantamweight,14,Marlon Vera,0,0,2026-09-26,https://www.ufc.com/rankings
Meta UFC Rankings,Bantamweight,15,Bryce Mitchell,0,0,2026-09-26,https://www.ufc.com/rankings
Meta UFC Rankings,Featherweight,0,Alexander Volkanovski,1,0,2026-09-26,https://www.ufc.com/rankings
Meta UFC Rankings,Featherweight,1,Movsar Evloev,0,0,2026-09-26,https://www.ufc.com/rankings
Meta UFC Rankings,Featherweight,2,Diego Lopes,0,0,2026-09-26,https://www.ufc.com/rankings
Meta UFC Rankings,Featherweight,3,Lerone Murphy,0,0,2026-09-26,https://www.ufc.com/rankings
Meta UFC Rankings,Featherweight,4,Aljamain Sterling,0,0,2026-09-26,https://www.ufc.com/rankings
Meta UFC Rankings,Featherweight,5,Jean Silva,0,0,2026-09-26,https://www.ufc.com/rankings
Meta UFC Rankings,Featherweight,6,Arnold Allen,0,0,2026-09-26,https://www.ufc.com/rankings
Meta UFC Rankings,Featherweight,7,Pat Sabatini,0,0,2026-09-26,https://www.ufc.com/rankings
Meta UFC Rankings,Featherweight,8,Pavel Andrusca,0,0,2026-09-26,https://www.ufc.com/rankings
Meta UFC Rankings,Featherweight,9,Youssef Zalal,0,0,2026-09-26,https://www.ufc.com/rankings
Meta UFC Rankings,Featherweight,10,Kevin Vallejos,0,0,2026-09-26,https://www.ufc.com/rankings
Meta UFC Rankings,Featherweight,11,Joanderson Brito,0,0,2026-09-26,https://www.ufc.com/rankings
Meta UFC Rankings,Featherweight,12,Melquizael Costa,0,0,2026-09-26,https://www.ufc.com/rankings
Meta UFC Rankings,Featherweight,13,Steve Garcia,0,0,2026-09-26,https://www.ufc.com/rankings
Meta UFC Rankings,Featherweight,14,Aaron Pico,0,0,2026-09-26,https://www.ufc.com/rankings
Meta UFC Rankings,Featherweight,15,Jamall Emmers,0,0,2026-09-26,https://www.ufc.com/rankings
Meta UFC Rankings,Lightweight,0,Justin Gaethje,1,0,2026-09-26,https://www.ufc.com/rankings
Meta UFC Rankings,Lightweight,1,Ilia Topuria,0,0,2026-09-26,https://www.ufc.com/rankings
Meta UFC Rankings,Lightweight,2,Arman Tsarukyan,0,0,2026-09-26,https://www.ufc.com/rankings
Meta UFC Rankings,Lightweight,3,Charles Oliveira,0,0,2026-09-26,https://www.ufc.com/rankings
Meta UFC Rankings,Lightweight,4,Max Holloway,0,0,2026-09-26,https://www.ufc.com/rankings
Meta UFC Rankings,Lightweight,5,Paddy Pimblett,0,0,2026-09-26,https://www.ufc.com/rankings
Meta UFC Rankings,Lightweight,6,Quillan Salkilld,0,0,2026-09-26,https://www.ufc.com/rankings
Meta UFC Rankings,Lightweight,7,Benoît Saint Denis,0,0,2026-09-26,https://www.ufc.com/rankings
Meta UFC Rankings,Lightweight,8,Renato Moicano,0,0,2026-09-26,https://www.ufc.com/rankings
Meta UFC Rankings,Lightweight,9,Mateusz Gamrot,0,0,2026-09-26,https://www.ufc.com/rankings
Meta UFC Rankings,Lightweight,10,Mauricio Ruffy,0,0,2026-09-26,https://www.ufc.com/rankings
Meta UFC Rankings,Lightweight,11,Tom Nolan,0,0,2026-09-26,https://www.ufc.com/rankings
Meta UFC Rankings,Lightweight,12,Rafael Fiziev,0,0,2026-09-26,https://www.ufc.com/rankings
Meta UFC Rankings,Lightweight,13,Tofiq Musayev,0,0,2026-09-26,https://www.ufc.com/rankings
Meta UFC Rankings,Lightweight,14,Grant Dawson,0,0,2026-09-26,https://www.ufc.com/rankings
Meta UFC Rankings,Lightweight,15,Jalin Turner,0,0,2026-09-26,https://www.ufc.com/rankings
Meta UFC Rankings,Welterweight,0,Islam Makhachev,1,0,2026-09-26,https://www.ufc.com/rankings
Meta UFC Rankings,Welterweight,1,Carlos Prates,0,0,2026-09-26,https://www.ufc.com/rankings
Meta UFC Rankings,Welterweight,2,Ian Machado Garry,0,0,2026-09-26,https://www.ufc.com/rankings
Meta UFC Rankings,Welterweight,3,Michael Morales,0,0,2026-09-26,https://www.ufc.com/rankings
Meta UFC Rankings,Welterweight,4,Jack Della Maddalena,0,0,2026-09-26,https://www.ufc.com/rankings
Meta UFC Rankings,Welterweight,5,Sean Brady,0,0,2026-09-26,https://www.ufc.com/rankings
Meta UFC Rankings,Welterweight,6,Gabriel Bonfim,0,0,2026-09-26,https://www.ufc.com/rankings
Meta UFC Rankings,Welterweight,7,Belal Muhammad,0,0,2026-09-26,https://www.ufc.com/rankings
Meta UFC Rankings,Welterweight,8,Joaquin Buckley,0,0,2026-09-26,https://www.ufc.com/rankings
Meta UFC Rankings,Welterweight,9,Uroš Medić,0,0,2026-09-26,https://www.ufc.com/rankings
Meta UFC Rankings,Welterweight,10,Leon Edwards,0,0,2026-09-26,https://www.ufc.com/rankings
Meta UFC Rankings,Welterweight,11,Mike Malott,0,0,2026-09-26,https://www.ufc.com/rankings
Meta UFC Rankings,Welterweight,12,Kamaru Usman,0,0,2026-09-26,https://www.ufc.com/rankings
Meta UFC Rankings,Welterweight,13,Yaroslav Amosov,0,0,2026-09-26,https://www.ufc.com/rankings
Meta UFC Rankings,Welterweight,14,Kevin Holland,0,0,2026-09-26,https://www.ufc.com/rankings
Meta UFC Rankings,Welterweight,15,Daniel Rodriguez,0,0,2026-09-26,https://www.ufc.com/rankings
Meta UFC Rankings,Middleweight,0,Sean Strickland,1,0,2026-09-26,https://www.ufc.com/rankings
Meta UFC Rankings,Middleweight,1,Khamzat Chimaev,0,0,2026-09-26,https://www.ufc.com/rankings
Meta UFC Rankings,Middleweight,2,Dricus Du Plessis,0,0,2026-09-26,https://www.ufc.com/rankings
Meta UFC Rankings,Middleweight,3,Nassourdine Imavov,0,0,2026-09-26,https://www.ufc.com/rankings
Meta UFC Rankings,Middleweight,4,Joe Pyfer,0,0,2026-09-26,https://www.ufc.com/rankings
Meta UFC Rankings,Middleweight,5,Brendan Allen,0,0,2026-09-26,https://www.ufc.com/rankings
Meta UFC Rankings,Middleweight,6,Caio Borralho,0,0,2026-09-26,https://www.ufc.com/rankings
Meta UFC Rankings,Middleweight,7,Gregory Rodrigues,0,0,2026-09-26,https://www.ufc.com/rankings
Meta UFC Rankings,Middleweight,8,Anthony Hernandez,0,0,2026-09-26,https://www.ufc.com/rankings
Meta UFC Rankings,Middleweight,9,Israel Adesanya,0,0,2026-09-26,https://www.ufc.com/rankings
Meta UFC Rankings,Middleweight,10,Christian Leroy Duncan,0,0,2026-09-26,https://www.ufc.com/rankings
Meta UFC Rankings,Middleweight,11,Ikram Aliskerov,0,0,2026-09-26,https://www.ufc.com/rankings
Meta UFC Rankings,Middleweight,12,Bo Nickal,0,0,2026-09-26,https://www.ufc.com/rankings
Meta UFC Rankings,Middleweight,13,Abus Magomedov,0,0,2026-09-26,https://www.ufc.com/rankings
Meta UFC Rankings,Middleweight,14,Edmen Shahbazyan,0,0,2026-09-26,https://www.ufc.com/rankings
Meta UFC Rankings,Middleweight,15,Shara Magomedov,0,0,2026-09-26,https://www.ufc.com/rankings
Meta UFC Rankings,Light Heavyweight,0,Carlos Ulberg,1,0,2026-09-26,https://www.ufc.com/rankings
Meta UFC Rankings,Light Heavyweight,1,Alex Pereira,0,0,2026-09-26,https://www.ufc.com/rankings
Meta UFC Rankings,Light Heavyweight,2,Magomed Ankalaev,0,0,2026-09-26,https://www.ufc.com/rankings
Meta UFC Rankings,Light Heavyweight,3,Jiří Procházka,0,0,2026-09-26,https://www.ufc.com/rankings
Meta UFC Rankings,Light Heavyweight,4,Paulo Costa,0,0,2026-09-26,https://www.ufc.com/rankings
Meta UFC Rankings,Light Heavyweight,5,Jamahal Hill,0,0,2026-09-26,https://www.ufc.com/rankings
Meta UFC Rankings,Light Heavyweight,6,Khalil Rountree Jr.,0,0,2026-09-26,https://www.ufc.com/rankings
Meta UFC Rankings,Light Heavyweight,7,Navajo Stirling,0,0,2026-09-26,https://www.ufc.com/rankings
Meta UFC Rankings,Light Heavyweight,8,Dominick Reyes,0,0,2026-09-26,https://www.ufc.com/rankings
Meta UFC Rankings,Light Heavyweight,9,Reinier de Ridder,0,0,2026-09-26,https://www.ufc.com/rankings
Meta UFC Rankings,Light Heavyweight,10,Azamat Murzakanov,0,0,2026-09-26,https://www.ufc.com/rankings
Meta UFC Rankings,Light Heavyweight,11,Alonzo Menifield,0,0,2026-09-26,https://www.ufc.com/rankings
Meta UFC Rankings,Light Heavyweight,12,Bogdan Guskov,0,0,2026-09-26,https://www.ufc.com/rankings
Meta UFC Rankings,Light Heavyweight,13,Robert Whittaker,0,0,2026-09-26,https://www.ufc.com/rankings
Meta UFC Rankings,Light Heavyweight,14,Johnny Walker,0,0,2026-09-26,https://www.ufc.com/rankings
Meta UFC Rankings,Light Heavyweight,15,Muhammad Saidov,0,0,2026-09-26,https://www.ufc.com/rankings
Meta UFC Rankings,Heavyweight,0,Ciryl Gane,0,1,2026-09-26,https://www.ufc.com/rankings
Meta UFC Rankings,Heavyweight,1,Tom Aspinall,0,0,2026-09-26,https://www.ufc.com/rankings
Meta UFC Rankings,Heavyweight,2,Sergei Pavlovich,0,0,2026-09-26,https://www.ufc.com/rankings
Meta UFC Rankings,Heavyweight,3,Alex Pereira,0,0,2026-09-26,https://www.ufc.com/rankings
Meta UFC Rankings,Heavyweight,4,Alexander Volkov,0,0,2026-09-26,https://www.ufc.com/rankings
Meta UFC Rankings,Heavyweight,5,Rizvan Kuniev,0,0,2026-09-26,https://www.ufc.com/rankings
Meta UFC Rankings,Heavyweight,6,Josh Hokit,0,0,2026-09-26,https://www.ufc.com/rankings
Meta UFC Rankings,Heavyweight,7,Curtis Blaydes,0,0,2026-09-26,https://www.ufc.com/rankings
Meta UFC Rankings,Heavyweight,8,Waldo Cortes Acosta,0,0,2026-09-26,https://www.ufc.com/rankings
Meta UFC Rankings,Heavyweight,9,Vitor Petrino,0,0,2026-09-26,https://www.ufc.com/rankings
Meta UFC Rankings,Heavyweight,10,Mario Pinto,0,0,2026-09-26,https://www.ufc.com/rankings
Meta UFC Rankings,Heavyweight,11,Valter Walker,0,0,2026-09-26,https://www.ufc.com/rankings
Meta UFC Rankings,Heavyweight,12,Brando Peričić,0,0,2026-09-26,https://www.ufc.com/rankings
Meta UFC Rankings,Heavyweight,13,Serghei Spivac,0,0,2026-09-26,https://www.ufc.com/rankings
Meta UFC Rankings,Heavyweight,14,Shamil Gaziev,0,0,2026-09-26,https://www.ufc.com/rankings
Meta UFC Rankings,Heavyweight,15,Aleksandar Rakić,0,0,2026-09-26,https://www.ufc.com/rankings
Meta UFC Rankings,Women's Strawweight,0,Mackenzie Dern,1,0,2026-09-26,https://www.ufc.com/rankings
Meta UFC Rankings,Women's Strawweight,1,Zhang Weili,0,0,2026-09-26,https://www.ufc.com/rankings
Meta UFC Rankings,Women's Strawweight,2,Virna Jandiroba,0,0,2026-09-26,https://www.ufc.com/rankings
Meta UFC Rankings,Women's Strawweight,3,Tatiana Suarez,0,0,2026-09-26,https://www.ufc.com/rankings
Meta UFC Rankings,Women's Strawweight,4,Denise Gomes,0,0,2026-09-26,https://www.ufc.com/rankings
Meta UFC Rankings,Women's Strawweight,5,Gillian Robertson,0,0,2026-09-26,https://www.ufc.com/rankings
Meta UFC Rankings,Women's Strawweight,6,Fatima Kline,0,0,2026-09-26,https://www.ufc.com/rankings
Meta UFC Rankings,Women's Strawweight,7,Alexia Thainara,0,0,2026-09-26,https://www.ufc.com/rankings
Meta UFC Rankings,Women's Strawweight,8,Piera Rodriguez,0,0,2026-09-26,https://www.ufc.com/rankings
Meta UFC Rankings,Women's Strawweight,9,Yan Xiaonan,0,0,2026-09-26,https://www.ufc.com/rankings
Meta UFC Rankings,Women's Strawweight,10,Mizuki,0,0,2026-09-26,https://www.ufc.com/rankings
Meta UFC Rankings,Women's Strawweight,11,Loopy Godinez,0,0,2026-09-26,https://www.ufc.com/rankings
Meta UFC Rankings,Women's Strawweight,12,Tabatha Ricci,0,0,2026-09-26,https://www.ufc.com/rankings
Meta UFC Rankings,Women's Strawweight,13,Jaqueline Amorim,0,0,2026-09-26,https://www.ufc.com/rankings
Meta UFC Rankings,Women's Strawweight,14,Talita Alencar,0,0,2026-09-26,https://www.ufc.com/rankings
Meta UFC Rankings,Women's Strawweight,15,Amanda Lemos,0,0,2026-09-26,https://www.ufc.com/rankings
Meta UFC Rankings,Women's Flyweight,0,Valentina Shevchenko,1,0,2026-09-26,https://www.ufc.com/rankings
Meta UFC Rankings,Women's Flyweight,1,Natalia Silva,0,0,2026-09-26,https://www.ufc.com/rankings
Meta UFC Rankings,Women's Flyweight,2,Alexa Grasso,0,0,2026-09-26,https://www.ufc.com/rankings
Meta UFC Rankings,Women's Flyweight,3,Erin Blanchfield,0,0,2026-09-26,https://www.ufc.com/rankings
Meta UFC Rankings,Women's Flyweight,4,Manon Fiorot,0,0,2026-09-26,https://www.ufc.com/rankings
Meta UFC Rankings,Women's Flyweight,5,Zhang Weili,0,0,2026-09-26,https://www.ufc.com/rankings
Meta UFC Rankings,Women's Flyweight,6,Wang Cong,0,0,2026-09-26,https://www.ufc.com/rankings
Meta UFC Rankings,Women's Flyweight,7,Jasmine Jasudavicius,0,0,2026-09-26,https://www.ufc.com/rankings
Meta UFC Rankings,Women's Flyweight,8,Rose Namajunas,0,0,2026-09-26,https://www.ufc.com/rankings
Meta UFC Rankings,Women's Flyweight,9,Maycee Barber,0,0,2026-09-26,https://www.ufc.com/rankings
Meta UFC Rankings,Women's Flyweight,10,Tracy Cortez,0,0,2026-09-26,https://www.ufc.com/rankings
Meta UFC Rankings,Women's Flyweight,11,Casey O'Neill,0,0,2026-09-26,https://www.ufc.com/rankings
Meta UFC Rankings,Women's Flyweight,12,Miranda Maverick,0,0,2026-09-26,https://www.ufc.com/rankings
Meta UFC Rankings,Women's Flyweight,13,Regina Tarin,0,0,2026-09-26,https://www.ufc.com/rankings
Meta UFC Rankings,Women's Flyweight,14,Karine Silva,0,0,2026-09-26,https://www.ufc.com/rankings
Meta UFC Rankings,Women's Flyweight,15,Carli Judice,0,0,2026-09-26,https://www.ufc.com/rankings
Meta UFC Rankings,Women's Bantamweight,0,Kayla Harrison,1,0,2026-09-26,https://www.ufc.com/rankings
Meta UFC Rankings,Women's Bantamweight,1,Joselyne Edwards,0,0,2026-09-26,https://www.ufc.com/rankings
Meta UFC Rankings,Women's Bantamweight,2,Ailin Perez,0,0,2026-09-26,https://www.ufc.com/rankings
Meta UFC Rankings,Women's Bantamweight,3,Norma Dumont,0,0,2026-09-26,https://www.ufc.com/rankings
Meta UFC Rankings,Women's Bantamweight,4,Luana Santos,0,0,2026-09-26,https://www.ufc.com/rankings
Meta UFC Rankings,Women's Bantamweight,5,Julianna Peña,0,0,2026-09-26,https://www.ufc.com/rankings
Meta UFC Rankings,Women's Bantamweight,6,Yana Santos,0,0,2026-09-26,https://www.ufc.com/rankings
Meta UFC Rankings,Women's Bantamweight,7,Jacqueline Cavalcanti,0,0,2026-09-26,https://www.ufc.com/rankings
Meta UFC Rankings,Women's Bantamweight,8,Michelle Montague,0,0,2026-09-26,https://www.ufc.com/rankings
Meta UFC Rankings,Women's Bantamweight,9,Melissa Croden,0,0,2026-09-26,https://www.ufc.com/rankings
Meta UFC Rankings,Women's Bantamweight,10,Karol Rosa,0,0,2026-09-26,https://www.ufc.com/rankings
Meta UFC Rankings,Women's Bantamweight,11,Bia Mesquita,0,0,2026-09-26,https://www.ufc.com/rankings
Meta UFC Rankings,Women's Bantamweight,12,Nora Cornolle,0,0,2026-09-26,https://www.ufc.com/rankings
Meta UFC Rankings,Women's Bantamweight,13,Macy Chiasson,0,0,2026-09-26,https://www.ufc.com/rankings
Meta UFC Rankings,Women's Bantamweight,14,Daria Zhelezniakova,0,0,2026-09-26,https://www.ufc.com/rankings
Meta UFC Rankings,Women's Bantamweight,15,Raquel Pennington,0,0,2026-09-26,https://www.ufc.com/rankings
