division,rank,fighter,placement,division_source,score,rating_term,ledger_term,form_penalty,rating,rating_raw,inactivity_penalty,injury,quality_wins,ledger_detail,quality_wins_15y,entrenched,last5,streak,days_since,ko_risk,rank_p10,rank_p90
Bantamweight,0,Petr Yan,title holder,title holder,1.055,0.707,0.348,0.0,1741.703,1741.703,0.0,True,4.8,+4.8 QW +0.0 proof -0.0 blowout -0.0 weak,8,True,4-1,W4,295,0.0,0.0,0.0
Bantamweight,1,Merab Dvalishvili,score order #1,fight record,1.275,0.849,0.426,0.0,1784.453,1784.453,0.0,False,6.1,+7.1 QW +0.0 proof -1.0 blowout -0.0 weak,10,True,4-1,L1,295,0.0,1.0,1.0
Bantamweight,2,Sean O'Malley,score order #3; head-to-head -> #2,fight record,1.029,0.663,0.366,0.0,1728.717,1728.717,0.0,False,5.1,+5.1 QW +0.0 proof -0.0 blowout -0.0 weak,8,True,3-2,W2,105,0.03,3.0,3.0
Bantamweight,3,Song Yadong,score order #2; head-to-head -> #3,fight record,1.099,0.775,0.324,0.0,1762.063,1762.063,0.0,False,4.4,+6.4 QW +0.0 proof -0.0 blowout -2.0 weak,10,True,3-2,W2,29,0.013,2.0,2.0
Bantamweight,4,Umar Nurmagomedov,score order #4,fight record,0.999,0.657,0.342,0.0,1726.803,1726.803,0.0,False,4.7,+4.2 QW +0.5 proof -0.0 blowout -0.0 weak,5,True,3-2,L1,29,0.033,4.0,4.0
Bantamweight,5,Mario Bautista,score order #5,fight record,0.714,0.498,0.216,0.0,1679.28,1679.28,0.0,False,2.6,+3.6 QW +0.0 proof -1.0 blowout -0.0 weak,4,False,4-1,W2,78,0.039,5.0,7.0
Bantamweight,6,Raul Rosas Jr.,score order #8; head-to-head -> #6,fight record,0.602,0.422,0.18,0.0,1656.313,1656.313,0.0,False,2.0,+2.0 QW +0.0 proof -0.0 blowout -0.0 weak,2,False,5-0,W6,1,0.0,8.0,8.0
Bantamweight,7,Raoni Barcelos,score order #12; head-to-head -> #7,fight record,0.458,0.278,0.18,0.0,1613.25,1613.25,0.0,False,2.0,+3.0 QW +0.0 proof -0.0 blowout -1.0 weak,3,False,4-1,L1,1,0.089,12.0,14.0
Bantamweight,8,Montel Jackson,score order #6; head-to-head -> #8,fight record,0.683,0.611,0.072,0.0,1713.168,1713.168,0.0,False,0.2,+2.2 QW +0.0 proof -0.0 blowout -2.0 weak,3,False,3-2,W1,1,0.0,5.0,6.0
Bantamweight,9,Cory Sandhagen,score order #7; head-to-head -> #9,fight record,0.662,0.674,0.138,0.15,1731.877,1731.877,0.0,False,1.3,+4.3 QW +0.0 proof -2.0 blowout -1.0 weak,9,True,2-3,L2,78,0.0,6.0,7.0
Bantamweight,10,David Martinez,score order #9; head-to-head -> #10,fight record,0.546,0.306,0.24,0.0,1621.537,1621.537,0.0,False,3.0,+3.0 QW +0.0 proof -0.0 blowout -0.0 weak,3,False,4-0,W4,15,0.0,9.0,10.0
Bantamweight,11,Marcus McGhee,score order #10; head-to-head -> #11,fight record,0.53,0.38,0.15,0.0,1643.827,1643.827,0.0,False,1.5,+1.0 QW +0.5 proof -0.0 blowout -0.0 weak,1,False,4-1,W1,113,0.0,9.0,11.0
Bantamweight,12,Vinicius Oliveira,score order #11; head-to-head -> #12,fight record,0.514,0.274,0.24,0.0,1611.981,1611.981,0.0,False,3.0,+4.0 QW +0.0 proof -1.0 blowout -0.0 weak,4,False,4-1,W1,99,0.0,10.0,11.0
Bantamweight,13,Daniel Marcos,score order #13,fight record,0.413,0.257,0.156,0.0,1607.111,1607.111,0.0,False,1.6,+2.6 QW +0.0 proof -1.0 blowout -0.0 weak,3,False,4-1,W1,323,0.0,13.0,17.0
Bantamweight,14,Brady Hiestand,score order #14,fight record,0.408,0.348,0.06,0.0,1634.229,1634.229,0.0,False,0.0,+0.0 QW +0.0 proof -0.0 blowout -0.0 weak,0,False,4-1,W4,1,0.0,12.0,17.0
Bantamweight,15,Payton Talbott,score order #15,fight record,0.4,0.34,0.06,0.0,1631.866,1631.866,0.0,False,0.0,+1.0 QW +0.0 proof -1.0 blowout -0.0 weak,1,False,4-1,W2,295,0.0,13.0,18.0
Bantamweight,16,Bryce Mitchell,score order #16,fight record,0.397,0.307,0.09,0.0,1621.896,1621.896,0.0,False,0.5,+2.5 QW +0.0 proof -1.0 blowout -1.0 weak,4,False,3-2,W2,113,0.051,15.0,16.0
Bantamweight,17,Jose Aldo,score order #17,fight record,0.393,0.405,0.138,0.15,1651.193,1691.193,40.0,False,1.3,+3.3 QW +0.0 proof -0.0 blowout -2.0 weak,11,True,2-3,L2,505,0.024,16.0,17.0
Bantamweight,18,Farid Basharat,score order #18,fight record,0.381,0.261,0.12,0.0,1608.096,1608.096,0.0,False,1.0,+1.0 QW +0.0 proof -0.0 blowout -0.0 weak,1,False,5-0,W7,78,0.0,14.9,18.0
Bantamweight,19,Rob Font,score order #19,fight record,0.357,0.357,0.15,0.15,1636.92,1636.92,0.0,False,1.5,+3.9 QW +0.6 proof -2.0 blowout -1.0 weak,8,True,2-3,L2,204,0.0,19.0,20.0
Bantamweight,20,Charles Jourdain,score order #23; head-to-head -> #20,fight record,0.27,0.234,0.036,0.0,1599.996,1599.996,0.0,False,-0.4,+2.6 QW +0.0 proof -0.0 blowout -3.0 weak,3,False,3-2,L1,8,0.052,22.0,23.0
Bantamweight,21,Davey Grant,score order #20; head-to-head -> #21,fight record,0.345,0.213,0.132,0.0,1593.694,1593.694,0.0,False,1.2,+2.2 QW +0.0 proof -1.0 blowout -0.0 weak,3,False,3-2,W1,155,0.0,19.0,20.0
Bantamweight,22,Aiemann Zahabi,score order #21; head-to-head -> #22,fight record,0.311,0.131,0.18,0.0,1569.259,1569.259,0.0,False,2.0,+3.0 QW +0.0 proof -0.0 blowout -1.0 weak,3,False,4-1,L1,105,0.075,20.0,27.0
Bantamweight,23,Marlon Vera,score order #22; head-to-head -> #23,fight record,0.271,0.562,0.159,0.45,1698.407,1698.407,0.0,False,1.65,+4.0 QW +0.7 proof -1.0 blowout -2.0 weak,7,True,1-4,W1,8,0.0,21.0,25.0
Bantamweight,24,Da'Mon Blackshear,score order #24,fight record,0.258,0.198,0.06,0.0,1589.378,1607.378,18.0,False,0.0,+2.0 QW +0.0 proof -1.0 blowout -1.0 weak,2,False,3-2,L1,428,0.053,22.0,25.0
Bantamweight,25,Elijah Smith,score order #25,fight record,0.251,0.191,0.06,0.0,1587.267,1587.267,0.0,False,0.0,+0.0 QW +0.0 proof -0.0 blowout -0.0 weak,0,False,3-0,W3,197,0.0,24.0,26.0
Bantamweight,26,Chris Gutierrez,score order #26,fight record,0.238,0.262,-0.024,0.0,1608.364,1608.364,0.0,False,-1.4,+0.6 QW +0.0 proof -1.0 blowout -1.0 weak,1,False,3-2,L1,358,0.0,22.9,28.0
Bantamweight,27,Cody Haddon,score order #27,fight record,0.227,0.167,0.06,0.0,1580.133,1580.133,0.0,False,0.0,+0.0 QW +0.0 proof -0.0 blowout -0.0 weak,0,False,2-0,W2,120,0.0,26.0,28.0
Bantamweight,28,Said Nurmagomedov,score order #28,fight record,0.215,0.353,0.012,0.15,1635.775,1653.775,18.0,False,-0.8,+1.2 QW +0.0 proof -0.0 blowout -2.0 weak,2,False,2-3,L2,428,0.0,24.0,30.0
Bantamweight,29,Ethyn Ewing,score order #29,fight record,0.186,0.126,0.06,0.0,1567.854,1567.854,0.0,False,0.0,+0.0 QW +0.0 proof -0.0 blowout -0.0 weak,0,False,2-0,W2,176,0.0,27.0,32.0
Bantamweight,30,Jean Matsumoto,score order #30,fight record,0.175,0.115,0.06,0.0,1564.57,1564.57,0.0,False,0.0,+1.0 QW +0.0 proof -0.0 blowout -1.0 weak,1,False,3-2,W1,92,0.0,29.0,33.0
Featherweight,0,Alexander Volkanovski,title holder,title holder,1.33,0.948,0.382,0.0,1836.16,1836.16,0.0,False,4.6,+5.6 QW +0.0 proof -1.0 blowout -0.0 weak,11,True,3-2,W2,239,0.017,0.0,0.0
Featherweight,1,Movsar Evloev,score order #4; head-to-head -> #1,fight record,0.818,0.443,0.375,0.0,1676.32,1676.32,0.0,False,4.5,+4.5 QW +0.0 proof -0.0 blowout -0.0 weak,7,True,5-0,W10,190,0.0,3.0,4.0
Featherweight,2,Aljamain Sterling,score order #1; head-to-head -> #2,fight record,1.239,0.803,0.436,0.0,1790.263,1790.263,0.0,False,5.4,+6.4 QW +0.0 proof -0.0 blowout -1.0 weak,12,True,3-2,W2,155,0.054,1.0,1.0
Featherweight,3,Diego Lopes,score order #2; head-to-head -> #3,fight record,0.876,0.536,0.341,0.0,1705.65,1705.65,0.0,False,4.0,+6.0 QW +0.0 proof -2.0 blowout -0.0 weak,6,True,3-2,W1,105,0.0,2.0,2.0
Featherweight,4,Jean Silva,score order #3; head-to-head -> #4,fight record,0.819,0.546,0.273,0.0,1709.018,1709.018,0.0,False,3.0,+4.0 QW +0.0 proof -1.0 blowout -0.0 weak,4,False,4-1,W2,15,0.058,3.0,4.0
Featherweight,5,Pat Sabatini,score order #8; head-to-head -> #5,fight record,0.644,0.371,0.273,0.0,1653.546,1653.546,0.0,False,3.0,+4.0 QW +0.0 proof -1.0 blowout -0.0 weak,4,False,4-1,W4,141,0.136,8.0,8.0
Featherweight,6,Joanderson Brito,score order #5; head-to-head -> #6,fight record,0.712,0.467,0.245,0.0,1683.971,1683.971,0.0,False,2.6,+4.6 QW +0.0 proof -1.0 blowout -1.0 weak,5,True,3-2,W3,8,0.0,5.0,5.0
Featherweight,7,Lerone Murphy,score order #6; head-to-head -> #7,fight record,0.677,0.411,0.266,0.0,1666.194,1666.194,0.0,False,2.9,+3.9 QW +0.0 proof -0.0 blowout -1.0 weak,5,True,4-1,L1,190,0.0,6.0,6.0
Featherweight,8,Cub Swanson,score order #7; head-to-head -> #8,fight record,0.659,0.403,0.256,0.0,1663.823,1663.823,0.0,False,2.75,+3.6 QW +0.1 proof -0.0 blowout -1.0 weak,8,True,3-2,W2,169,0.079,7.0,7.0
Featherweight,9,Youssef Zalal,score order #9,fight record,0.631,0.358,0.273,0.0,1649.57,1649.57,0.0,False,3.0,+4.0 QW +0.0 proof -1.0 blowout -0.0 weak,4,False,4-1,L1,155,0.0,9.0,9.0
Featherweight,10,Kevin Vallejos,score order #10,fight record,0.591,0.386,0.205,0.0,1658.346,1658.346,0.0,False,2.0,+2.0 QW +0.0 proof -0.0 blowout -0.0 weak,2,False,4-0,W4,197,0.0,10.0,11.0
Featherweight,11,Yair Rodriguez,score order #11,fight record,0.586,0.368,0.218,0.0,1652.656,1700.656,48.0,False,2.2,+2.2 QW +0.0 proof -0.0 blowout -0.0 weak,6,True,3-2,W1,533,0.041,10.0,11.0
Featherweight,12,Arnold Allen,score order #12,fight record,0.515,0.494,0.17,0.15,1692.636,1692.636,0.0,False,1.5,+3.5 QW +0.0 proof -0.0 blowout -2.0 weak,5,True,2-3,W1,134,0.0,12.0,13.0
Featherweight,13,Steve Garcia,score order #13,fight record,0.513,0.376,0.136,0.0,1655.298,1655.298,0.0,False,1.0,+2.0 QW +0.0 proof -0.0 blowout -1.0 weak,2,False,4-1,L1,105,0.078,12.0,13.0
Featherweight,14,Mairon Santos,score order #14,fight record,0.431,0.226,0.205,0.0,1607.798,1607.798,0.0,False,2.0,+2.0 QW +0.0 proof -0.0 blowout -0.0 weak,2,False,4-0,W4,295,0.0,14.0,14.0
Featherweight,15,Chepe Mariscal,score order #15,fight record,0.387,0.251,0.136,0.0,1615.545,1615.545,0.0,False,1.0,+2.0 QW +0.0 proof -1.0 blowout -0.0 weak,2,False,4-1,L1,316,0.0,15.0,16.0
Featherweight,16,Melquizael Costa,score order #16,fight record,0.369,0.165,0.205,0.0,1588.277,1588.277,0.0,False,2.0,+4.0 QW +0.0 proof -1.0 blowout -1.0 weak,4,False,4-1,L1,134,0.042,15.0,19.0
Featherweight,17,David Onama,score order #17,fight record,0.343,0.166,0.177,0.0,1588.741,1588.741,0.0,False,1.6,+2.6 QW +0.0 proof -1.0 blowout -0.0 weak,3,False,4-1,L1,330,0.033,17.0,20.0
Featherweight,18,Luke Riley,score order #18,fight record,0.321,0.253,0.068,0.0,1616.348,1616.348,0.0,False,0.0,+0.0 QW +0.0 proof -0.0 blowout -0.0 weak,0,False,3-0,W3,78,0.0,16.0,20.0
Featherweight,19,Nathaniel Wood,score order #19,fight record,0.313,0.231,0.082,0.0,1609.389,1609.389,0.0,False,0.2,+2.2 QW +0.0 proof -1.0 blowout -1.0 weak,3,False,4-1,L1,22,0.038,17.0,20.0
Featherweight,20,Dooho Choi,score order #20,fight record,0.301,0.151,0.15,0.0,1584.126,1584.126,0.0,False,1.2,+2.2 QW +0.0 proof -1.0 blowout -0.0 weak,4,False,3-2,L1,8,0.217,18.0,23.0
Featherweight,21,Felipe Lima,score order #21,fight record,0.3,0.232,0.068,0.0,1609.485,1609.485,0.0,False,0.0,+1.0 QW +0.0 proof -0.0 blowout -1.0 weak,1,False,3-1,W1,22,0.0,18.0,21.0
Featherweight,22,Tommy McMillen,score order #22,fight record,0.273,0.204,0.068,0.0,1600.91,1600.91,0.0,False,0.0,+0.0 QW +0.0 proof -0.0 blowout -0.0 weak,0,False,3-0,W3,15,0.0,21.0,23.0
Featherweight,23,Yadier del Valle,score order #23,fight record,0.239,0.171,0.068,0.0,1590.374,1590.374,0.0,False,0.0,+1.0 QW +0.0 proof -0.0 blowout -1.0 weak,1,False,3-1,W1,50,0.0,23.0,24.0
Featherweight,24,Daniel Santos,score order #24,fight record,0.234,0.166,0.068,0.0,1588.652,1588.652,0.0,False,0.0,+1.0 QW +0.0 proof -0.0 blowout -1.0 weak,1,False,4-1,L1,134,0.071,24.0,25.0
Featherweight,25,Sean Woodson,score order #25,fight record,0.232,0.095,0.136,0.0,1566.353,1566.353,0.0,False,1.0,+2.0 QW +0.0 proof -0.0 blowout -1.0 weak,2,False,4-1,W1,29,0.061,22.0,27.0
Featherweight,26,Jamall Emmers,score order #26,fight record,0.222,0.222,0.0,0.0,1606.555,1606.555,0.0,False,-1.0,+0.0 QW +0.0 proof -1.0 blowout -0.0 weak,0,False,4-1,W3,36,0.081,22.0,28.0
Featherweight,27,Marcio Barbosa,score order #27,fight record,0.212,0.144,0.068,0.0,1581.648,1581.648,0.0,False,0.0,+0.0 QW +0.0 proof -0.0 blowout -0.0 weak,0,False,2-0,W2,36,0.0,26.0,27.0
Featherweight,28,Pavel Andrusca,score order #28,fight record,0.164,0.027,0.136,0.0,1544.883,1544.883,0.0,False,1.0,+1.0 QW +0.0 proof -0.0 blowout -0.0 weak,1,False,1-0,W1,22,0.0,27.0,30.0
Featherweight,29,Brian Ortega,score order #29,fight record,0.115,0.484,0.082,0.45,1689.249,1699.249,10.0,False,0.2,+2.2 QW +0.0 proof -2.0 blowout -0.0 weak,7,True,1-4,L2,400,0.039,28.0,40.0
Featherweight,30,Jose Delgado,score order #30,fight record,0.097,0.097,0.0,0.0,1566.96,1566.96,0.0,False,-1.0,+1.0 QW +0.0 proof -0.0 blowout -2.0 weak,1,False,3-2,L1,15,0.0,29.0,35.0
Flyweight,0,Joshua Van,title holder,title holder,0.743,0.426,0.317,0.0,1685.05,1685.05,0.0,False,5.0,+6.0 QW +0.0 proof -0.0 blowout -1.0 weak,6,True,5-0,W8,8,0.06,0.0,0.0
Flyweight,1,Manel Kape,score order #1,fight record,0.776,0.539,0.238,0.0,1724.725,1724.725,0.0,False,3.5,+3.0 QW +0.5 proof -0.0 blowout -0.0 weak,3,False,4-1,W4,99,0.0,1.0,1.0
Flyweight,2,Kyoji Horiguchi,score order #2,fight record,0.587,0.413,0.174,0.0,1680.409,1680.409,0.0,False,2.3,+2.3 QW +0.0 proof -0.0 blowout -0.0 weak,3,False,4-1,L1,99,0.0,2.0,4.0
Flyweight,3,Asu Almabayev,score order #6; title cycle -> #3,fight record,0.491,0.28,0.211,0.0,1633.568,1633.568,0.0,False,3.0,+3.0 QW +0.0 proof -0.0 blowout -0.0 weak,3,False,4-1,W3,92,0.031,4.0,6.0
Flyweight,4,Alexandre Pantoja,score order #3; title cycle -> #4,fight record,0.584,0.452,0.132,0.0,1694.261,1694.261,0.0,False,1.5,+3.5 QW +0.0 proof -2.0 blowout -0.0 weak,5,True,3-2,L2,8,0.028,2.0,3.0
Flyweight,5,Tatsuro Taira,score order #4; title cycle -> #5,fight record,0.563,0.51,0.053,0.0,1714.637,1714.637,0.0,False,0.0,+2.0 QW +0.0 proof -0.0 blowout -2.0 weak,2,False,3-2,L1,141,0.032,2.0,6.0
Flyweight,6,Brandon Moreno,score order #5; title cycle -> #6,fight record,0.528,0.385,0.143,0.0,1670.677,1670.677,0.0,False,1.7,+3.7 QW +0.0 proof -0.0 blowout -2.0 weak,8,True,3-2,W1,15,0.01,5.0,5.0
Flyweight,7,Ramazan Temirov,score order #7,fight record,0.27,0.112,0.158,0.0,1574.227,1574.227,0.0,False,2.0,+2.0 QW +0.0 proof -0.0 blowout -0.0 weak,2,False,3-0,W3,64,0.0,7.0,7.0
Flyweight,8,Tim Elliott,score order #8,fight record,0.228,0.13,0.098,0.0,1580.744,1580.744,0.0,False,0.85,+1.3 QW +0.6 proof -0.0 blowout -1.0 weak,2,False,3-2,W1,15,0.0,8.0,10.0
Flyweight,9,Brandon Royval,score order #9,fight record,0.222,0.143,0.079,0.0,1585.193,1585.193,0.0,False,0.5,+3.5 QW +0.0 proof -2.0 blowout -1.0 weak,5,True,3-2,W1,78,0.057,8.0,9.0
Flyweight,10,Allan Nascimento,score order #10,fight record,0.207,0.154,0.053,0.0,1589.228,1589.228,0.0,False,0.0,+1.0 QW +0.0 proof -0.0 blowout -1.0 weak,1,False,4-1,L1,99,0.0,9.0,11.0
Flyweight,11,Kai Kara-France,score order #11,fight record,0.18,0.182,0.148,0.15,1599.074,1625.074,26.0,False,1.8,+1.2 QW +0.6 proof -0.0 blowout -0.0 weak,2,False,2-3,L1,456,0.039,10.0,14.0
Flyweight,12,Tagir Ulanbekov,score order #12,fight record,0.179,0.126,0.053,0.0,1579.145,1579.145,0.0,False,0.0,+1.0 QW +0.0 proof -0.0 blowout -1.0 weak,1,False,4-1,L1,309,0.0,11.0,12.0
Flyweight,13,Alden Coria,score order #13,fight record,0.154,0.101,0.053,0.0,1570.515,1570.515,0.0,False,0.0,+0.0 QW +0.0 proof -0.0 blowout -0.0 weak,0,False,3-0,W3,71,0.0,13.0,14.0
Flyweight,14,Amir Albazi,score order #14,fight record,0.135,0.156,-0.021,0.0,1589.707,1589.707,0.0,False,-1.4,+0.6 QW +0.0 proof -2.0 blowout -0.0 weak,1,False,3-2,L2,232,0.0,12.0,18.0
Flyweight,15,Alessandro Costa,score order #15,fight record,0.133,0.08,0.053,0.0,1562.897,1562.897,0.0,False,0.0,+2.0 QW +0.0 proof -0.0 blowout -2.0 weak,2,False,4-1,W3,78,0.128,14.0,15.0
Flyweight,16,Edgar Chairez,score order #16,fight record,0.123,0.07,0.053,0.0,1559.347,1559.347,0.0,False,0.0,+1.0 QW +0.0 proof -0.0 blowout -1.0 weak,1,False,3-2,L1,15,0.0,16.0,16.0
Flyweight,17,Joseph Morales,score order #17,fight record,0.121,0.139,0.132,0.15,1583.824,1583.824,0.0,False,1.5,+1.0 QW +0.5 proof -0.0 blowout -0.0 weak,1,False,2-3,L1,15,0.05,14.0,19.0
Flyweight,18,Alex Perez,score order #18,fight record,0.119,0.174,0.095,0.15,1596.21,1596.21,0.0,False,0.8,+2.3 QW +0.5 proof -0.0 blowout -2.0 weak,3,False,2-3,L1,29,0.039,17.0,18.0
Flyweight,19,Bilal Hasan,score order #19,fight record,0.082,0.029,0.053,0.0,1545.0,1545.0,0.0,False,0.0,+0.0 QW +0.0 proof -0.0 blowout -0.0 weak,0,False,1-0,W1,29,0.0,19.0,22.0
Flyweight,20,Andre Lima,score order #20,fight record,0.076,0.076,0.0,0.0,1561.53,1561.53,0.0,False,-1.0,+0.0 QW +0.0 proof -0.0 blowout -1.0 weak,0,False,4-1,W1,29,0.0,18.0,22.0
Flyweight,21,Jose Ochoa,score order #21,fight record,0.074,0.074,0.0,0.0,1560.891,1560.891,0.0,False,-1.0,+1.0 QW +0.0 proof -1.0 blowout -1.0 weak,1,False,2-2,W1,141,0.0,20.0,23.0
Flyweight,22,Imanol Rodriguez,score order #22,fight record,0.058,0.005,0.053,0.0,1536.531,1536.531,0.0,False,0.0,+0.0 QW +0.0 proof -0.0 blowout -0.0 weak,0,False,1-0,W1,211,0.0,20.0,24.0
Flyweight,23,Rei Tsuruya,score order #23,fight record,0.056,0.056,0.0,0.0,1554.536,1554.536,0.0,False,-1.0,+0.0 QW +0.0 proof -1.0 blowout -0.0 weak,0,False,3-1,W2,29,0.0,21.0,24.0
Flyweight,24,Nyamjargal Tumendemberel,score order #24,fight record,0.048,-0.005,0.053,0.0,1532.993,1532.993,0.0,False,0.0,+1.0 QW +0.0 proof -0.0 blowout -1.0 weak,1,False,2-1,W2,204,0.0,21.0,25.0
Flyweight,25,Sumudaerji,score order #25,fight record,0.032,0.032,0.0,0.0,1545.922,1545.922,0.0,False,-1.0,+1.0 QW +0.0 proof -1.0 blowout -1.0 weak,1,False,4-1,W4,29,0.0,23.0,26.0
Flyweight,26,Fabia Sintes,score order #26,fight record,0.005,-0.048,0.053,0.0,1517.873,1517.873,0.0,False,0.0,+0.0 QW +0.0 proof -0.0 blowout -0.0 weak,0,False,1-0,W1,22,0.0,25.0,27.0
Flyweight,27,Jafel Filho,score order #27,fight record,-0.017,0.036,-0.053,0.0,1547.487,1547.487,0.0,False,-2.0,+0.0 QW +0.0 proof -1.0 blowout -1.0 weak,0,False,3-2,L1,155,0.0,26.0,28.0
Flyweight,28,Steve Erceg,score order #28,fight record,-0.036,-0.018,0.132,0.15,1528.575,1528.575,0.0,False,1.5,+3.0 QW +0.5 proof -2.0 blowout -0.0 weak,3,False,2-3,L1,64,0.11,27.0,29.0
Flyweight,29,Charles Johnson,score order #29,fight record,-0.082,0.023,-0.106,0.0,1542.935,1542.935,0.0,False,-3.0,+1.0 QW +0.0 proof -1.0 blowout -3.0 weak,1,False,3-2,W1,43,0.033,28.0,33.0
Flyweight,30,Lucas Rocha,score order #30,fight record,-0.092,-0.092,0.0,0.0,1502.331,1502.331,0.0,False,-1.0,+0.0 QW +0.0 proof -0.0 blowout -1.0 weak,0,False,1-1,W1,351,0.0,29.0,31.0
Heavyweight,0,Ciryl Gane,title holder,title holder,1.177,0.809,0.368,0.0,1807.158,1807.158,0.0,False,4.4,+4.4 QW +0.0 proof -0.0 blowout -0.0 weak,8,True,4-1,W3,105,0.0,0.0,0.0
Heavyweight,1,Alexander Volkov,score order #2; title cycle -> #1,fight record,1.217,0.679,0.539,0.0,1761.185,1761.185,0.0,False,6.9,+6.9 QW +0.0 proof -0.0 blowout -0.0 weak,12,True,4-1,W2,141,0.008,2.0,2.0
Heavyweight,2,Tom Aspinall,score order #3; title cycle -> #2,fight record,0.953,0.647,0.307,0.0,1749.818,1749.818,0.0,True,3.5,+3.5 QW +0.0 proof -0.0 blowout -0.0 weak,5,True,4-1,W3,337,0.024,3.0,3.0
Heavyweight,3,Sergei Pavlovich,score order #6; head-to-head -> #4; title cycle -> #3,fight record,0.697,0.465,0.232,0.0,1685.749,1685.749,0.0,False,2.4,+4.4 QW +0.0 proof -2.0 blowout -0.0 weak,6,True,3-2,W3,120,0.048,6.0,6.0
Heavyweight,4,Alex Pereira,score order #1; title cycle -> #4,override (config),1.266,0.762,0.505,0.0,1790.54,1790.54,0.0,False,6.4,+7.4 QW +0.0 proof -1.0 blowout -0.0 weak,9,True,3-2,L1,105,0.027,1.0,1.0
Heavyweight,5,Curtis Blaydes,score order #5,fight record,0.803,0.571,0.232,0.0,1723.149,1723.149,0.0,False,2.4,+4.4 QW +0.0 proof -1.0 blowout -1.0 weak,9,True,3-2,W1,15,0.043,4.0,5.0
Heavyweight,6,Waldo Cortes Acosta,score order #4; head-to-head -> #6,fight record,0.804,0.497,0.307,0.0,1697.037,1697.037,0.0,False,3.5,+4.0 QW +0.5 proof -0.0 blowout -1.0 weak,4,False,3-2,L2,15,0.0,4.0,5.0
Heavyweight,7,Josh Hokit,score order #7,fight record,0.595,0.391,0.205,0.0,1659.321,1659.321,0.0,False,2.0,+2.0 QW +0.0 proof -0.0 blowout -0.0 weak,2,False,4-0,W4,105,0.0,7.0,7.0
Heavyweight,8,Mario Pinto,score order #8,fight record,0.437,0.301,0.136,0.0,1627.621,1627.621,0.0,False,1.0,+1.0 QW +0.0 proof -0.0 blowout -0.0 weak,1,False,4-0,W4,22,0.0,8.0,9.0
Heavyweight,9,Valter Walker,score order #9,fight record,0.416,0.348,0.068,0.0,1644.298,1644.298,0.0,False,0.0,+1.0 QW +0.0 proof -0.0 blowout -1.0 weak,1,False,5-0,W5,64,0.0,8.0,9.0
Heavyweight,10,Vitor Petrino,score order #10,fight record,0.354,0.286,0.068,0.0,1622.325,1622.325,0.0,False,0.0,+2.0 QW +0.0 proof -1.0 blowout -1.0 weak,2,False,4-1,W4,36,0.061,10.0,10.0
Heavyweight,11,Brando Pericic,score order #11,fight record,0.35,0.282,0.068,0.0,1620.893,1620.893,0.0,False,0.0,+0.0 QW +0.0 proof -0.0 blowout -0.0 weak,0,False,3-0,W3,148,0.0,11.0,11.0
Heavyweight,12,Rizvan Kuniev,score order #12,fight record,0.313,0.245,0.068,0.0,1607.633,1607.633,0.0,False,0.0,+1.0 QW +0.0 proof -0.0 blowout -1.0 weak,1,False,2-1,W2,64,0.0,12.0,12.0
Heavyweight,13,Gokhan Saricam,score order #13,fight record,0.238,0.102,0.136,0.0,1557.211,1557.211,0.0,False,1.0,+1.0 QW +0.0 proof -0.0 blowout -0.0 weak,1,False,1-0,W1,162,0.0,13.0,14.0
Heavyweight,14,Derrick Lewis,score order #14,fight record,0.177,0.286,0.041,0.15,1622.329,1622.329,0.0,False,-0.4,+2.6 QW +0.0 proof -1.0 blowout -2.0 weak,9,True,2-3,L2,105,0.102,13.0,18.0
Heavyweight,15,Ryan Spann,score order #15,fight record,0.141,0.066,0.075,0.0,1544.451,1544.451,0.0,False,0.1,+3.1 QW +0.0 proof -0.0 blowout -3.0 weak,6,True,3-2,L1,22,0.107,14.0,15.0
Heavyweight,16,Anthony Wint,score order #16,fight record,0.136,0.068,0.068,0.0,1545.0,1545.0,0.0,False,0.0,+0.0 QW +0.0 proof -0.0 blowout -0.0 weak,0,False,1-0,W1,36,0.0,16.0,16.0
Heavyweight,17,Jovan Leka,score order #17,fight record,0.136,0.068,0.068,0.0,1545.0,1545.0,0.0,False,0.0,+0.0 QW +0.0 proof -0.0 blowout -0.0 weak,0,False,1-0,W1,57,0.0,15.0,17.0
Heavyweight,18,RJ Harris,score order #18,fight record,0.132,0.063,0.068,0.0,1543.55,1543.55,0.0,False,0.0,+0.0 QW +0.0 proof -0.0 blowout -0.0 weak,0,False,1-0,W1,71,0.0,18.0,18.0
Heavyweight,19,Jose Montanha,score order #19,fight record,0.128,0.059,0.068,0.0,1542.12,1542.12,0.0,False,0.0,+0.0 QW +0.0 proof -0.0 blowout -0.0 weak,0,False,1-0,W1,50,0.0,19.0,19.0
Heavyweight,20,Shamil Gaziev,score order #23; head-to-head -> #20,fight record,-0.0,0.068,-0.068,0.0,1545.117,1545.117,0.0,False,-2.0,+1.0 QW +0.0 proof -1.0 blowout -2.0 weak,1,False,3-2,W1,36,0.17,21.0,25.0
Heavyweight,21,Martin Buday,score order #20; head-to-head -> #21,fight record,0.071,-0.039,0.109,0.0,1507.454,1525.454,18.0,False,0.6,+1.6 QW +0.0 proof -0.0 blowout -1.0 weak,2,False,4-1,W3,428,0.053,20.0,22.0
Heavyweight,22,Steven Asplund,score order #21; head-to-head -> #22,fight record,0.062,0.062,0.0,0.0,1543.165,1543.165,0.0,False,-1.0,+0.0 QW +0.0 proof -0.0 blowout -1.0 weak,0,False,2-1,W1,50,0.0,20.0,21.0
Heavyweight,23,Hamdy Abdelwahab,score order #22; head-to-head -> #23,fight record,0.0,0.0,0.0,0.0,1521.085,1521.085,0.0,False,-1.0,+0.0 QW +0.0 proof -0.0 blowout -1.0 weak,0,False,2-1,W1,337,0.0,22.0,24.0
Heavyweight,24,Tanner Boser,score order #24,fight record,-0.024,0.106,0.02,0.15,1558.562,1558.562,0.0,False,-0.7,+0.3 QW +0.0 proof -0.0 blowout -1.0 weak,1,False,2-3,L1,162,0.1,24.0,25.0
Heavyweight,25,Tyrell Fortune,score order #27; head-to-head -> #25,fight record,-0.041,-0.109,0.068,0.0,1482.43,1482.43,0.0,False,0.0,+1.0 QW +0.0 proof -0.0 blowout -1.0 weak,1,False,1-1,L1,64,0.338,22.0,31.0
Heavyweight,26,Marcin Tybura,score order #25; head-to-head -> #26,fight record,-0.024,0.14,-0.014,0.15,1570.465,1570.465,0.0,False,-1.2,+2.8 QW +0.0 proof -3.0 blowout -1.0 weak,6,True,2-3,L3,57,0.079,23.0,27.0
Heavyweight,27,Serghei Spivac,score order #26; head-to-head -> #27,fight record,-0.039,0.117,-0.007,0.15,1562.616,1562.616,0.0,False,-1.1,+1.9 QW +0.0 proof -2.0 blowout -1.0 weak,3,False,2-3,L1,36,0.085,26.0,30.0
Heavyweight,28,Ante Delija,score order #28,fight record,-0.05,-0.05,0.0,0.0,1503.345,1503.345,0.0,False,-1.0,+1.0 QW +0.0 proof -1.0 blowout -1.0 weak,1,False,1-2,L2,218,0.176,26.0,28.0
Heavyweight,29,Gable Steveson,score order #29,fight record,-0.069,-0.069,0.0,0.0,1496.67,1496.67,0.0,False,-1.0,+0.0 QW +0.0 proof -1.0 blowout -0.0 weak,0,False,1-1,L1,8,0.338,28.0,29.0
Heavyweight,30,Tallison Teixeira,score order #30,fight record,-0.073,-0.073,0.0,0.0,1495.362,1495.362,0.0,False,-1.0,+1.0 QW +0.0 proof -2.0 blowout -0.0 weak,1,False,2-2,L1,120,0.113,29.0,30.0
Light Heavyweight,0,Carlos Ulberg,title holder,title holder,0.79,0.489,0.302,0.0,1712.31,1712.31,0.0,False,5.0,+5.0 QW +0.0 proof -0.0 blowout -0.0 weak,5,True,5-0,W10,169,0.061,0.0,0.0
Light Heavyweight,1,Magomed Ankalaev,score order #1,fight record,0.821,0.565,0.256,0.0,1738.259,1738.259,0.0,False,4.1,+5.1 QW +0.0 proof -1.0 blowout -0.0 weak,7,True,4-1,W1,64,0.0,1.0,1.0
Light Heavyweight,2,Paulo Costa,score order #3; title cycle -> #2,override (config),0.705,0.504,0.201,0.0,1717.589,1717.589,0.0,False,3.0,+3.5 QW +0.5 proof -0.0 blowout -1.0 weak,6,True,3-2,W2,169,0.008,3.0,3.0
Light Heavyweight,3,Dominick Reyes,score order #4; title cycle -> #3,fight record,0.572,0.333,0.239,0.0,1658.909,1658.909,0.0,False,3.75,+4.6 QW +0.1 proof -1.0 blowout -0.0 weak,6,True,4-1,W1,169,0.12,4.0,5.0
Light Heavyweight,4,Jiri Prochazka,score order #2; title cycle -> #4,fight record,0.756,0.57,0.186,0.0,1740.082,1740.082,0.0,False,2.7,+4.2 QW +0.5 proof -2.0 blowout -0.0 weak,6,True,3-2,L1,169,0.033,2.0,2.0
Light Heavyweight,5,Navajo Stirling,score order #5,fight record,0.53,0.38,0.151,0.0,1674.807,1674.807,0.0,False,2.0,+2.0 QW +0.0 proof -0.0 blowout -0.0 weak,2,False,5-0,W6,57,0.0,4.0,5.0
Light Heavyweight,6,Azamat Murzakanov,score order #6,fight record,0.518,0.357,0.161,0.0,1667.085,1667.085,0.0,False,2.2,+3.2 QW +0.0 proof -0.0 blowout -1.0 weak,4,False,4-1,L1,169,0.038,6.0,6.0
Light Heavyweight,7,Volkan Oezdemir,score order #7,fight record,0.476,0.27,0.206,0.0,1637.13,1637.13,0.0,False,3.1,+3.8 QW +0.3 proof -1.0 blowout -0.0 weak,7,True,3-2,W1,309,0.047,7.0,7.0
Light Heavyweight,8,Khalil Rountree Jr.,score order #8,fight record,0.466,0.26,0.206,0.0,1633.63,1633.63,0.0,False,3.1,+2.6 QW +0.5 proof -0.0 blowout -0.0 weak,3,False,3-2,L1,358,0.057,8.0,8.0
Light Heavyweight,9,Bogdan Guskov,score order #9,fight record,0.443,0.267,0.176,0.0,1636.179,1636.179,0.0,False,2.5,+2.0 QW +0.5 proof -0.0 blowout -0.0 weak,2,False,4-1,L1,64,0.037,9.0,9.0
Light Heavyweight,10,Reinier de Ridder,score order #10,override (config),0.407,0.256,0.151,0.0,1632.369,1632.369,0.0,False,2.0,+4.0 QW +0.0 proof -1.0 blowout -1.0 weak,4,False,3-2,W1,36,0.078,10.0,10.0
Light Heavyweight,11,Abdul Rakhman Yakhyaev,score order #11,fight record,0.252,0.202,0.05,0.0,1613.681,1613.681,0.0,False,0.0,+0.0 QW +0.0 proof -0.0 blowout -0.0 weak,0,False,3-0,W3,92,0.0,11.0,11.0
Light Heavyweight,12,Muhammad Saidov,score order #12,fight record,0.15,0.05,0.101,0.0,1561.584,1561.584,0.0,False,1.0,+1.0 QW +0.0 proof -0.0 blowout -0.0 weak,1,False,1-0,W1,64,0.0,12.0,16.0
Light Heavyweight,13,Alonzo Menifield,score order #16; head-to-head -> #13,fight record,0.097,0.102,-0.005,0.0,1579.627,1579.627,0.0,False,-1.1,+1.9 QW +0.0 proof -2.0 blowout -1.0 weak,3,False,4-1,W2,8,0.093,15.0,16.0
Light Heavyweight,14,Iwo Baraniewski,score order #13; head-to-head -> #14,fight record,0.134,0.134,0.0,0.0,1590.517,1590.517,0.0,False,-1.0,+0.0 QW +0.0 proof -0.0 blowout -1.0 weak,0,False,3-1,L1,8,0.0,12.0,14.0
Light Heavyweight,15,Johnny Walker,score order #14; head-to-head -> #15,fight record,0.113,0.243,0.02,0.15,1627.922,1627.922,0.0,False,-0.6,+2.1 QW +0.3 proof -2.0 blowout -1.0 weak,4,False,2-3,L1,169,0.116,13.0,15.0
Light Heavyweight,16,Modestas Bukauskas,score order #15; head-to-head -> #16,fight record,0.099,0.019,0.08,0.0,1550.842,1550.842,0.0,False,0.6,+2.6 QW +0.0 proof -0.0 blowout -2.0 weak,3,False,4-1,W2,22,0.183,13.0,17.0
Light Heavyweight,17,Dustin Jacoby,score order #17,fight record,0.087,0.142,-0.055,0.0,1593.306,1593.306,0.0,False,-2.1,+0.9 QW +0.0 proof -1.0 blowout -2.0 weak,2,False,3-2,L1,64,0.056,14.0,22.0
Light Heavyweight,18,Jimmy Crute,score order #18,fight record,0.055,0.139,0.065,0.15,1592.285,1592.285,0.0,False,0.3,+0.3 QW +0.0 proof -0.0 blowout -0.0 weak,1,False,2-3,W2,365,0.087,18.0,20.0
Light Heavyweight,19,Nikita Krylov,score order #19,fight record,0.054,0.136,0.068,0.15,1591.2,1591.2,0.0,False,0.35,+3.2 QW +0.1 proof -2.0 blowout -1.0 weak,6,True,2-3,L1,78,0.073,18.0,21.0
Light Heavyweight,20,Billy Elekana,score order #20,fight record,0.051,0.051,0.0,0.0,1562.054,1562.054,0.0,False,-1.0,+0.0 QW +0.0 proof -0.0 blowout -1.0 weak,0,False,3-1,W3,239,0.0,18.0,22.0
Light Heavyweight,21,Lucas Fernando,score order #21,fight record,0.038,-0.012,0.05,0.0,1540.238,1540.238,0.0,False,0.0,+0.0 QW +0.0 proof -0.0 blowout -0.0 weak,0,False,1-0,W1,43,0.0,17.0,23.0
Light Heavyweight,22,Liu Ce,score order #22,fight record,0.035,-0.015,0.05,0.0,1539.164,1539.164,0.0,False,0.0,+0.0 QW +0.0 proof -0.0 blowout -0.0 weak,0,False,1-0,W1,29,0.0,20.0,24.0
Light Heavyweight,23,Jan Blachowicz,score order #23,fight record,0.028,0.393,0.085,0.45,1679.354,1679.354,0.0,False,0.7,+2.7 QW +0.0 proof -1.0 blowout -1.0 weak,8,True,1-4,L3,57,0.029,18.0,26.0
Light Heavyweight,24,Christian Edwards,score order #24,fight record,0.026,0.026,0.0,0.0,1553.501,1553.501,0.0,False,-1.0,+0.0 QW +0.0 proof -0.0 blowout -1.0 weak,0,False,1-1,W1,1,0.0,22.0,24.0
Light Heavyweight,25,Luis Hernandez,score order #25,fight record,0.007,-0.043,0.05,0.0,1529.55,1529.55,0.0,False,0.0,+0.0 QW +0.0 proof -0.0 blowout -0.0 weak,0,False,1-0,W1,1,0.0,23.0,28.0
Light Heavyweight,26,Zhang Mingyang,score order #26,fight record,0.002,0.002,0.0,0.0,1545.181,1545.181,0.0,False,-1.0,+1.0 QW +0.0 proof -2.0 blowout -0.0 weak,1,False,3-2,L2,120,0.217,25.0,26.0
Light Heavyweight,27,Felipe Franco,score order #27,fight record,-0.005,-0.005,0.0,0.0,1542.879,1542.879,0.0,False,-1.0,+0.0 QW +0.0 proof -0.0 blowout -1.0 weak,0,False,1-1,W1,71,0.0,27.0,28.0
Light Heavyweight,28,Jamahal Hill,score order #28,fight record,-0.006,0.119,0.025,0.15,1585.294,1613.294,28.0,False,-0.5,+1.5 QW +0.0 proof -2.0 blowout -0.0 weak,3,False,2-3,L3,463,0.084,25.0,28.0
Light Heavyweight,29,Aleksandar Rakic,score order #29,fight record,-0.032,0.298,0.121,0.45,1646.6,1646.6,0.0,False,1.4,+1.9 QW +0.5 proof -1.0 blowout -0.0 weak,4,False,1-4,W1,57,0.045,29.0,30.0
Light Heavyweight,30,Magomed Tuchalov,score order #30,fight record,-0.071,-0.121,0.05,0.0,1502.862,1502.862,0.0,False,0.0,+0.0 QW +0.0 proof -0.0 blowout -0.0 weak,0,False,1-0,W1,64,0.0,29.0,32.0
Lightweight,0,Justin Gaethje,title holder,title holder,0.972,0.561,0.411,0.0,1744.48,1744.48,0.0,False,5.85,+5.7 QW +0.1 proof -0.0 blowout -0.0 weak,10,True,4-1,W3,105,0.07,0.0,0.0
Lightweight,1,Ilia Topuria,score order #4; head-to-head -> #1,fight record,0.96,0.708,0.252,0.0,1796.668,1796.668,0.0,False,3.2,+4.2 QW +0.0 proof -0.0 blowout -1.0 weak,5,True,4-1,L1,105,0.039,4.0,4.0
Lightweight,2,Charles Oliveira,score order #2,fight record,1.213,0.859,0.354,0.0,1850.341,1850.341,0.0,False,4.9,+5.9 QW +0.0 proof -1.0 blowout -0.0 weak,14,True,3-2,W2,204,0.034,2.0,2.0
Lightweight,3,Max Holloway,score order #1; head-to-head -> #3,fight record,1.342,0.916,0.426,0.0,1870.636,1870.636,0.0,False,6.1,+7.1 QW +0.0 proof -1.0 blowout -0.0 weak,17,True,3-2,W1,78,0.0,1.0,1.0
Lightweight,4,Arman Tsarukyan,score order #3; head-to-head -> #4,fight record,1.063,0.655,0.408,0.0,1777.788,1777.788,0.0,False,5.8,+5.8 QW +0.0 proof -0.0 blowout -0.0 weak,8,True,5-0,W6,8,0.0,3.0,3.0
Lightweight,5,Quillan Salkilld,score order #5,fight record,0.713,0.413,0.3,0.0,1691.979,1691.979,0.0,False,4.0,+4.0 QW +0.0 proof -0.0 blowout -0.0 weak,4,False,5-0,W6,50,0.0,5.0,8.0
Lightweight,6,Paddy Pimblett,score order #6,fight record,0.712,0.496,0.216,0.0,1721.413,1721.413,0.0,False,2.6,+3.6 QW +0.0 proof -1.0 blowout -0.0 weak,4,False,4-1,W1,78,0.0,5.0,8.0
Lightweight,7,Renato Moicano,score order #7,fight record,0.696,0.435,0.261,0.0,1699.74,1699.74,0.0,False,3.35,+5.2 QW +0.1 proof -1.0 blowout -1.0 weak,7,True,3-2,W1,176,0.084,7.0,8.0
Lightweight,8,King Green,score order #8,fight record,0.694,0.424,0.27,0.0,1695.612,1695.612,0.0,False,3.5,+6.5 QW +0.0 proof -3.0 blowout -0.0 weak,10,True,4-1,W4,78,0.076,6.0,9.0
Lightweight,9,Grant Dawson,score order #9,fight record,0.671,0.521,0.15,0.0,1730.203,1730.203,0.0,False,1.5,+3.5 QW +0.0 proof -2.0 blowout -0.0 weak,5,True,4-1,W1,141,0.073,6.0,10.0
Lightweight,10,Jim Miller,score order #10,fight record,0.647,0.404,0.243,0.0,1688.763,1688.763,0.0,False,3.05,+4.9 QW +0.1 proof -1.0 blowout -1.0 weak,11,True,3-2,W1,141,0.023,9.0,11.0
Lightweight,11,Benoit Saint Denis,score order #11,fight record,0.627,0.441,0.186,0.0,1701.612,1701.612,0.0,False,2.1,+3.6 QW +0.5 proof -2.0 blowout -0.0 weak,4,False,4-1,L1,78,0.064,10.0,11.0
Lightweight,12,Mateusz Gamrot,score order #12,fight record,0.576,0.456,0.27,0.15,1707.058,1707.058,0.0,False,3.5,+5.0 QW +0.5 proof -1.0 blowout -1.0 weak,8,True,2-3,L1,50,0.0,12.0,12.0
Lightweight,13,Chris Padilla,score order #13,fight record,0.351,0.231,0.12,0.0,1627.101,1627.101,0.0,False,1.0,+1.0 QW +0.0 proof -0.0 blowout -0.0 weak,1,False,5-0,W5,36,0.0,13.0,15.0
Lightweight,14,Ignacio Bahamondes,score order #14,fight record,0.349,0.229,0.12,0.0,1626.266,1626.266,0.0,False,1.0,+3.0 QW +0.0 proof -1.0 blowout -1.0 weak,3,False,3-2,W1,15,0.0,14.0,16.0
Lightweight,15,Mauricio Ruffy,score order #15,fight record,0.333,0.153,0.18,0.0,1599.391,1599.391,0.0,False,2.0,+4.0 QW +0.0 proof -1.0 blowout -1.0 weak,4,False,3-2,L1,8,0.042,13.0,17.0
Lightweight,16,Jalin Turner,score order #16,fight record,0.329,0.269,0.06,0.0,1640.663,1640.663,0.0,False,0.0,+2.0 QW +0.0 proof -1.0 blowout -1.0 weak,2,False,3-2,W2,43,0.084,13.0,18.0
Lightweight,17,Nurullo Aliev,score order #17,fight record,0.316,0.136,0.18,0.0,1593.477,1593.477,0.0,False,2.0,+2.0 QW +0.0 proof -0.0 blowout -0.0 weak,2,False,4-0,W4,64,0.0,14.0,18.0
Lightweight,18,Diego Ferreira,score order #18,fight record,0.302,0.206,0.096,0.0,1618.269,1618.269,0.0,False,0.6,+2.6 QW +0.0 proof -1.0 blowout -1.0 weak,6,True,3-2,W1,50,0.118,16.0,19.0
Lightweight,19,Rafa Garcia,score order #19,fight record,0.28,0.124,0.156,0.0,1589.122,1589.122,0.0,False,1.6,+3.6 QW +0.0 proof -0.0 blowout -2.0 weak,4,False,3-2,L1,15,0.041,17.0,20.0
Lightweight,20,Tommy Gantt,score order #20,fight record,0.256,0.136,0.12,0.0,1593.345,1593.345,0.0,False,1.0,+1.0 QW +0.0 proof -0.0 blowout -0.0 weak,1,False,2-0,W2,15,0.0,20.0,21.0
Lightweight,21,Manuel Torres,score order #21,fight record,0.25,0.19,0.06,0.0,1612.389,1612.389,0.0,False,0.0,+2.0 QW +0.0 proof -2.0 blowout -0.0 weak,2,False,3-2,L1,92,0.17,19.0,22.0
Lightweight,22,Rafael Fiziev,score order #22,fight record,0.23,0.23,0.15,0.15,1626.838,1626.838,0.0,False,1.5,+3.5 QW +0.0 proof -0.0 blowout -2.0 weak,6,True,2-3,W1,92,0.101,21.0,23.0
Lightweight,23,Lance Gibson Jr.,score order #29; head-to-head -> #23,fight record,0.162,0.012,0.15,0.0,1549.299,1549.299,0.0,False,1.5,+1.0 QW +0.5 proof -0.0 blowout -0.0 weak,1,False,1-1,W1,183,0.0,23.0,32.0
Lightweight,24,Chase Hooper,score order #23; head-to-head -> #24,fight record,0.213,0.153,0.06,0.0,1599.249,1599.249,0.0,False,0.0,+2.0 QW +0.0 proof -2.0 blowout -0.0 weak,2,False,3-2,W1,71,0.129,22.0,24.0
Lightweight,25,MarQuel Mederos,score order #24; head-to-head -> #25,fight record,0.196,0.136,0.06,0.0,1593.501,1593.501,0.0,False,0.0,+0.0 QW +0.0 proof -0.0 blowout -0.0 weak,0,False,4-0,W4,36,0.0,24.0,27.0
Lightweight,26,Axel Sola,score order #25; head-to-head -> #26,fight record,0.196,0.136,0.06,0.0,1593.464,1593.464,0.0,False,0.0,+1.0 QW +0.0 proof -0.0 blowout -1.0 weak,1,False,3-1,W2,22,0.0,25.0,28.0
Lightweight,27,Esteban Ribovics,score order #26; head-to-head -> #27,fight record,0.185,0.125,0.06,0.0,1589.393,1589.393,0.0,False,0.0,+2.0 QW +0.0 proof -0.0 blowout -2.0 weak,2,False,3-2,W1,43,0.0,26.0,29.0
Lightweight,28,Alexander Hernandez,score order #27; head-to-head -> #28,fight record,0.185,0.095,0.09,0.0,1578.724,1578.724,0.0,False,0.5,+3.5 QW +0.0 proof -1.0 blowout -2.0 weak,6,True,4-1,L1,155,0.083,26.0,27.0
Lightweight,29,Tofiq Musayev,score order #28; head-to-head -> #29,fight record,0.17,0.05,0.12,0.0,1562.722,1562.722,0.0,False,1.0,+2.0 QW +0.0 proof -1.0 blowout -0.0 weak,2,False,2-1,W2,57,0.0,25.0,29.0
Lightweight,30,Tom Nolan,score order #30,fight record,0.145,0.085,0.06,0.0,1575.122,1575.122,0.0,False,0.0,+1.0 QW +0.0 proof -1.0 blowout -0.0 weak,1,False,5-0,W5,113,0.099,28.0,32.0
Middleweight,0,Sean Strickland,title holder,title holder,0.842,0.567,0.275,0.0,1746.977,1746.977,0.0,False,4.7,+5.7 QW +0.0 proof -1.0 blowout -0.0 weak,10,True,3-2,W2,141,0.056,0.0,0.0
Middleweight,1,Khamzat Chimaev,score order #2; head-to-head -> #1,fight record,0.896,0.601,0.295,0.0,1758.312,1758.312,0.0,False,5.1,+5.1 QW +0.0 proof -0.0 blowout -0.0 weak,7,True,4-1,L1,141,0.0,2.0,2.0
Middleweight,2,Dricus Du Plessis,score order #1; head-to-head -> #2,fight record,0.99,0.665,0.325,0.0,1779.847,1779.847,0.0,False,5.7,+6.7 QW +0.0 proof -1.0 blowout -0.0 weak,9,True,4-1,W1,71,0.0,1.0,1.0
Middleweight,3,Nassourdine Imavov,score order #3,fight record,0.824,0.504,0.32,0.0,1726.152,1732.152,6.0,False,5.6,+5.6 QW +0.0 proof -0.0 blowout -0.0 weak,6,True,5-0,W5,386,0.0,3.0,3.0
Middleweight,4,Brendan Allen,score order #4,fight record,0.772,0.512,0.26,0.0,1728.662,1728.662,0.0,False,4.4,+6.4 QW +0.0 proof -0.0 blowout -2.0 weak,8,True,3-2,W3,113,0.037,4.0,4.0
Middleweight,5,Joe Pyfer,score order #5,fight record,0.7,0.48,0.22,0.0,1717.992,1717.992,0.0,False,3.6,+4.6 QW +0.0 proof -0.0 blowout -1.0 weak,5,True,4-1,W4,183,0.0,5.0,6.0
Middleweight,6,Gregory Rodrigues,score order #6,fight record,0.687,0.447,0.24,0.0,1707.235,1707.235,0.0,False,4.0,+5.0 QW +0.0 proof -0.0 blowout -1.0 weak,5,True,4-1,W4,36,0.071,5.0,7.0
Middleweight,7,Robert Whittaker,score order #7,fight record,0.679,0.489,0.19,0.0,1721.172,1721.172,0.0,False,3.0,+5.0 QW +0.0 proof -1.0 blowout -1.0 weak,13,True,3-2,W1,78,0.027,6.0,7.0
Middleweight,8,Christian Leroy Duncan,score order #8,fight record,0.479,0.339,0.14,0.0,1671.251,1671.251,0.0,False,2.0,+3.0 QW +0.0 proof -1.0 blowout -0.0 weak,3,False,5-0,W5,71,0.0,8.0,8.0
Middleweight,9,Anthony Hernandez,score order #9,fight record,0.457,0.337,0.12,0.0,1670.47,1670.47,0.0,False,1.6,+3.6 QW +0.0 proof -0.0 blowout -2.0 weak,4,False,3-2,L2,36,0.095,9.0,10.0
Middleweight,10,Caio Borralho,score order #10,fight record,0.444,0.324,0.12,0.0,1666.213,1666.213,0.0,False,1.6,+2.6 QW +0.0 proof -1.0 blowout -0.0 weak,3,False,4-1,W1,204,0.0,10.0,11.0
Middleweight,11,Ikram Aliskerov,score order #11,fight record,0.414,0.224,0.19,0.0,1632.835,1632.835,0.0,False,3.0,+4.0 QW +0.0 proof -1.0 blowout -0.0 weak,4,False,4-1,W3,92,0.065,9.0,11.0
Middleweight,12,Shara Magomedov,score order #12,fight record,0.38,0.19,0.19,0.0,1621.601,1621.601,0.0,False,3.0,+4.0 QW +0.0 proof -1.0 blowout -0.0 weak,4,False,4-1,W2,92,0.0,12.0,13.0
Middleweight,13,Edmen Shahbazyan,score order #13,fight record,0.341,0.161,0.18,0.0,1611.678,1611.678,0.0,False,2.8,+3.3 QW +0.5 proof -0.0 blowout -1.0 weak,4,False,4-1,W1,8,0.099,13.0,14.0
Middleweight,14,Bo Nickal,score order #14,fight record,0.327,0.237,0.09,0.0,1637.324,1637.324,0.0,False,1.0,+2.0 QW +0.0 proof -0.0 blowout -1.0 weak,2,False,4-1,W2,105,0.096,12.0,16.0
Middleweight,15,Cam Rowston,score order #15,fight record,0.303,0.163,0.14,0.0,1612.648,1612.648,0.0,False,2.0,+2.0 QW +0.0 proof -0.0 blowout -0.0 weak,2,False,3-0,W3,148,0.0,14.0,17.0
Middleweight,16,Jacob Malkoun,score order #16,fight record,0.303,0.163,0.14,0.0,1612.531,1612.531,0.0,False,2.0,+2.0 QW +0.0 proof -0.0 blowout -0.0 weak,2,False,4-1,W3,148,0.047,15.0,18.0
Middleweight,17,Michael Page,score order #17,fight record,0.273,0.133,0.14,0.0,1602.408,1602.408,0.0,False,2.0,+3.0 QW +0.0 proof -0.0 blowout -1.0 weak,3,False,4-1,W4,22,0.0,17.0,19.0
Middleweight,18,Yousri Belgaroui,score order #18,fight record,0.262,0.222,0.04,0.0,1632.114,1632.114,0.0,False,0.0,+0.0 QW +0.0 proof -0.0 blowout -0.0 weak,0,False,3-0,W3,15,0.0,15.0,19.0
Middleweight,19,Ateba Gautier,score order #19,fight record,0.261,0.221,0.04,0.0,1631.686,1631.686,0.0,False,0.0,+0.0 QW +0.0 proof -0.0 blowout -0.0 weak,0,False,5-0,W5,141,0.0,16.0,20.0
Middleweight,20,Abus Magomedov,score order #20,fight record,0.244,0.154,0.09,0.0,1609.636,1609.636,0.0,False,1.0,+3.0 QW +0.0 proof -0.0 blowout -2.0 weak,3,False,4-1,W1,92,0.075,18.0,20.0
Middleweight,21,Baisangur Susurkaev,score order #21,fight record,0.21,0.17,0.04,0.0,1614.842,1614.842,0.0,False,0.0,+0.0 QW +0.0 proof -0.0 blowout -0.0 weak,0,False,3-0,W3,141,0.0,21.0,21.0
Middleweight,22,Ismail Naurdiev,score order #22,fight record,0.197,0.142,0.055,0.0,1605.616,1605.616,0.0,False,0.3,+1.3 QW +0.0 proof -0.0 blowout -1.0 weak,2,False,3-2,W1,309,0.0,22.0,22.0
Middleweight,23,Ryan Gandra,score order #23,fight record,0.141,0.101,0.04,0.0,1591.925,1591.925,0.0,False,0.0,+0.0 QW +0.0 proof -0.0 blowout -0.0 weak,0,False,3-0,W3,8,0.0,23.0,25.0
Middleweight,24,Vicente Luque,score order #24,fight record,0.139,0.264,0.025,0.15,1646.099,1646.099,0.0,False,-0.3,+3.7 QW +0.0 proof -2.0 blowout -2.0 weak,9,True,2-3,L1,43,0.045,23.0,26.0
Middleweight,25,Donte Johnson,score order #25,fight record,0.121,0.031,0.09,0.0,1568.543,1568.543,0.0,False,1.0,+1.0 QW +0.0 proof -0.0 blowout -0.0 weak,1,False,3-0,W3,43,0.0,23.0,28.0
Middleweight,26,Damian Pinas,score order #26,fight record,0.097,0.057,0.04,0.0,1577.298,1577.298,0.0,False,0.0,+0.0 QW +0.0 proof -0.0 blowout -0.0 weak,0,False,2-0,W2,78,0.0,26.0,28.0
Middleweight,27,Roman Dolidze,score order #27,fight record,0.086,0.216,0.02,0.15,1630.209,1630.209,0.0,False,-0.4,+3.6 QW +0.0 proof -1.0 blowout -3.0 weak,4,False,2-3,L3,36,0.045,25.0,29.0
Middleweight,28,Eryk Anders,score order #28,fight record,0.077,-0.058,0.135,0.0,1538.937,1538.937,0.0,False,1.9,+2.9 QW +0.0 proof -1.0 blowout -0.0 weak,5,True,3-2,W1,197,0.029,25.0,32.0
Middleweight,29,Nursulton Ruziboev,score order #29,fight record,0.066,0.126,-0.06,0.0,1600.252,1600.252,0.0,False,-2.0,+0.0 QW +0.0 proof -1.0 blowout -1.0 weak,0,False,3-2,L1,22,0.0,26.0,31.0
Middleweight,30,JunYong Park,score order #30,fight record,0.062,0.042,0.02,0.0,1572.126,1572.126,0.0,False,-0.4,+1.6 QW +0.0 proof -1.0 blowout -1.0 weak,2,False,3-2,L1,337,0.046,28.0,30.0
Welterweight,0,Islam Makhachev,title holder,title holder,1.487,0.956,0.531,0.0,1882.701,1882.701,0.0,False,8.3,+8.3 QW +0.0 proof -0.0 blowout -0.0 weak,12,True,5-0,W17,43,0.0,0.0,0.0
Welterweight,1,Carlos Prates,score order #1; head-to-head -> #2; title cycle -> #1,fight record,0.857,0.537,0.32,0.0,1739.034,1739.034,0.0,False,5.0,+6.0 QW +0.0 proof -0.0 blowout -1.0 weak,6,True,4-1,W3,148,0.0,1.0,1.0
Welterweight,2,Michael Morales,score order #3; title cycle -> #2,fight record,0.781,0.449,0.333,0.0,1708.65,1708.65,0.0,False,5.2,+5.2 QW +0.0 proof -0.0 blowout -0.0 weak,6,True,5-0,W7,316,0.0,2.0,3.0
Welterweight,3,Sean Brady,score order #2; head-to-head -> #4; title cycle -> #3,fight record,0.797,0.528,0.269,0.0,1735.946,1735.946,0.0,False,4.2,+5.2 QW +0.0 proof -1.0 blowout -0.0 weak,7,True,4-1,W1,141,0.09,2.0,3.0
Welterweight,4,Ian Machado Garry,score order #4; head-to-head -> #1; title cycle -> #4,fight record,0.678,0.505,0.173,0.0,1728.104,1728.104,0.0,False,2.7,+3.2 QW +0.5 proof -1.0 blowout -0.0 weak,4,False,3-2,L1,43,0.0,4.0,4.0
Welterweight,5,Gabriel Bonfim,score order #5,fight record,0.599,0.369,0.23,0.0,1681.225,1681.225,0.0,False,3.6,+4.6 QW +0.0 proof -0.0 blowout -1.0 weak,5,True,5-0,W5,113,0.106,5.0,6.0
Welterweight,6,Joaquin Buckley,score order #6,fight record,0.579,0.413,0.166,0.0,1696.293,1696.293,0.0,False,2.6,+4.6 QW +0.0 proof -2.0 blowout -0.0 weak,5,True,3-2,L2,141,0.107,5.0,6.0
Welterweight,7,Neil Magny,score order #7,fight record,0.492,0.287,0.205,0.0,1653.163,1653.163,0.0,False,3.2,+6.2 QW +0.0 proof -3.0 blowout -0.0 weak,13,True,3-2,W1,43,0.059,7.0,9.0
Welterweight,8,Jack Della Maddalena,score order #8,fight record,0.475,0.322,0.154,0.0,1665.136,1665.136,0.0,False,2.4,+4.4 QW +0.0 proof -1.0 blowout -1.0 weak,6,True,3-2,L2,148,0.03,8.0,8.0
Welterweight,9,Kamaru Usman,score order #9,override (config),0.444,0.747,0.147,0.45,1810.918,1810.918,0.0,False,2.3,+4.3 QW +0.0 proof -1.0 blowout -1.0 weak,11,True,1-4,L1,71,0.027,7.0,14.0
Welterweight,10,Mike Malott,score order #11; head-to-head -> #10,fight record,0.407,0.241,0.166,0.0,1637.3,1637.3,0.0,False,2.6,+3.6 QW +0.0 proof -0.0 blowout -1.0 weak,4,False,4-1,W4,162,0.093,10.0,14.0
Welterweight,11,Kevin Holland,score order #10; head-to-head -> #11,fight record,0.433,0.305,0.128,0.0,1659.478,1659.478,0.0,False,2.0,+7.0 QW +0.0 proof -2.0 blowout -3.0 weak,10,True,3-2,W1,169,0.03,9.0,10.0
Welterweight,12,Daniil Donchenko,score order #12,fight record,0.401,0.274,0.128,0.0,1648.539,1648.539,0.0,False,2.0,+2.0 QW +0.0 proof -0.0 blowout -0.0 weak,2,False,4-0,W4,22,0.0,12.0,13.0
Welterweight,13,Leon Edwards,score order #13,fight record,0.396,0.43,0.115,0.15,1702.371,1702.371,0.0,False,1.8,+3.8 QW +0.0 proof -0.0 blowout -2.0 weak,9,True,2-3,L3,316,0.02,11.0,15.0
Welterweight,14,Uros Medic,score order #15; head-to-head -> #14,fight record,0.391,0.224,0.166,0.0,1631.657,1631.657,0.0,False,2.6,+4.6 QW +0.0 proof -1.0 blowout -1.0 weak,5,True,4-1,W4,57,0.048,11.0,16.0
Welterweight,15,Daniel Rodriguez,score order #14; head-to-head -> #15,fight record,0.393,0.233,0.16,0.0,1634.689,1634.689,0.0,False,2.5,+4.5 QW +0.0 proof -1.0 blowout -1.0 weak,7,True,3-2,L1,57,0.057,12.0,15.0
Welterweight,16,Belal Muhammad,score order #16,fight record,0.363,0.449,0.064,0.15,1708.927,1708.927,0.0,False,1.0,+4.0 QW +0.0 proof -2.0 blowout -1.0 weak,7,True,2-3,L3,113,0.03,12.0,18.0
Welterweight,17,Rinat Fakhretdinov,score order #17,fight record,0.35,0.247,0.102,0.0,1639.536,1645.536,6.0,False,1.6,+1.6 QW +0.0 proof -0.0 blowout -0.0 weak,2,False,5-0,W6,386,0.0,16.0,17.0
Welterweight,18,Jeremiah Wells,score order #18,fight record,0.342,0.246,0.096,0.0,1639.246,1639.246,0.0,False,1.5,+2.5 QW +0.0 proof -0.0 blowout -1.0 weak,4,False,3-2,W2,43,0.0,17.0,18.0
Welterweight,19,Myktybek Orolbai,score order #19,fight record,0.324,0.26,0.064,0.0,1643.992,1643.992,0.0,False,1.0,+2.0 QW +0.0 proof -0.0 blowout -1.0 weak,2,False,3-2,L1,43,0.0,19.0,19.0
Welterweight,20,Yaroslav Amosov,score order #20,fight record,0.287,0.159,0.128,0.0,1609.373,1609.373,0.0,False,2.0,+2.0 QW +0.0 proof -0.0 blowout -0.0 weak,2,False,2-0,W2,141,0.0,19.0,22.0
Welterweight,21,Joel Alvarez,score order #21,fight record,0.246,0.207,0.038,0.0,1625.846,1625.846,0.0,False,0.6,+2.6 QW +0.0 proof -1.0 blowout -1.0 weak,3,False,3-2,L2,43,0.043,21.0,22.0
Welterweight,22,Jacobe Smith,score order #22,fight record,0.228,0.164,0.064,0.0,1611.057,1611.057,0.0,False,1.0,+1.0 QW +0.0 proof -0.0 blowout -0.0 weak,1,False,3-0,W3,218,0.0,22.0,24.0
Welterweight,23,Jake Matthews,score order #23,fight record,0.222,0.247,-0.026,0.0,1639.505,1639.505,0.0,False,-0.4,+1.6 QW +0.0 proof -0.0 blowout -2.0 weak,3,False,4-1,W1,120,0.0,20.0,24.0
Welterweight,24,Sam Patterson,score order #24,fight record,0.214,0.214,0.0,0.0,1628.261,1628.261,0.0,False,0.0,+1.0 QW +0.0 proof -0.0 blowout -1.0 weak,1,False,4-1,W1,64,0.061,23.0,24.0
Welterweight,25,Randy Brown,score order #25,fight record,0.105,0.159,0.096,0.15,1609.123,1609.123,0.0,False,1.5,+4.5 QW +0.0 proof -1.0 blowout -2.0 weak,7,True,2-3,L2,169,0.084,25.0,25.0
Welterweight,26,Ty Miller,score order #26,fight record,0.062,0.062,0.0,0.0,1575.963,1575.963,0.0,False,0.0,+0.0 QW +0.0 proof -0.0 blowout -0.0 weak,0,False,2-0,W2,50,0.0,26.0,27.0
Welterweight,27,Jonathan Micallef,score order #27,fight record,0.052,0.052,0.0,0.0,1572.531,1572.531,0.0,False,0.0,+0.0 QW +0.0 proof -0.0 blowout -0.0 weak,0,False,3-0,W3,148,0.0,27.0,29.0
Welterweight,28,Muslim Salikhov,score order #28,fight record,0.044,0.051,-0.006,0.0,1572.085,1572.085,0.0,False,-0.1,+2.9 QW +0.0 proof -3.0 blowout -0.0 weak,5,True,3-2,L2,15,0.109,28.0,30.0
Welterweight,29,Chris Curtis,score order #29,fight record,0.023,0.064,0.109,0.15,1576.72,1576.72,0.0,False,1.7,+3.2 QW +0.5 proof -1.0 blowout -1.0 weak,4,False,2-3,L1,197,0.035,26.0,34.0
Welterweight,30,Seokhyeon Ko,score order #30,fight record,0.02,0.084,-0.064,0.0,1583.546,1583.546,0.0,False,-1.0,+0.0 QW +0.0 proof -0.0 blowout -1.0 weak,0,False,2-1,L1,71,0.0,28.0,33.0
Women's Bantamweight,0,Kayla Harrison,title holder,title holder,0.376,0.228,0.149,0.0,1607.924,1639.924,32.0,False,3.0,+3.0 QW +0.0 proof -0.0 blowout -0.0 weak,3,False,3-0,W3,477,0.0,0.0,0.0
Women's Bantamweight,1,Joselyne Edwards,score order #3; head-to-head -> #1,fight record,0.367,0.288,0.079,0.0,1622.589,1622.589,0.0,False,1.6,+2.6 QW +0.0 proof -0.0 blowout -1.0 weak,3,False,5-0,W5,155,0.0,3.0,3.0
Women's Bantamweight,2,Ailin Perez,score order #2,fight record,0.477,0.314,0.163,0.0,1628.73,1628.73,0.0,False,3.3,+3.0 QW +0.3 proof -0.0 blowout -0.0 weak,3,False,5-0,W7,1,0.0,2.0,2.0
Women's Bantamweight,3,Norma Dumont,score order #1; head-to-head -> #3,fight record,0.531,0.279,0.252,0.0,1620.246,1620.246,0.0,False,5.1,+5.1 QW +0.0 proof -0.0 blowout -0.0 weak,7,True,3-2,L2,1,0.013,1.0,1.0
Women's Bantamweight,4,Luana Santos,score order #4,fight record,0.277,0.277,0.0,0.0,1619.895,1619.895,0.0,False,0.0,+1.0 QW +0.0 proof -1.0 blowout -0.0 weak,1,False,4-1,W3,99,0.0,4.0,5.0
Women's Bantamweight,5,Ketlen Vieira,score order #5,fight record,0.262,0.039,0.223,0.0,1562.243,1562.243,0.0,False,4.5,+4.7 QW +0.8 proof -1.0 blowout -0.0 weak,8,True,3-2,W1,134,0.036,4.0,8.0
Women's Bantamweight,6,Bia Mesquita,score order #6,fight record,0.261,0.261,0.0,0.0,1615.997,1615.997,0.0,False,0.0,+0.0 QW +0.0 proof -0.0 blowout -0.0 weak,0,False,3-0,W3,99,0.0,5.0,6.0
Women's Bantamweight,7,Yana Santos,score order #9; head-to-head -> #7,fight record,0.136,0.007,0.129,0.0,1554.574,1554.574,0.0,False,2.6,+2.6 QW +0.0 proof -0.0 blowout -0.0 weak,4,False,3-2,W3,358,0.064,7.0,10.0
Women's Bantamweight,8,Macy Chiasson,score order #7; head-to-head -> #8,fight record,0.187,0.242,0.094,0.15,1611.517,1611.517,0.0,False,1.9,+2.9 QW +0.0 proof -0.0 blowout -1.0 weak,4,False,2-3,L3,211,0.029,7.0,8.0
Women's Bantamweight,9,Jacqueline Cavalcanti,score order #8; head-to-head -> #9,fight record,0.185,0.185,0.0,0.0,1597.511,1597.511,0.0,False,0.0,+1.0 QW +0.0 proof -0.0 blowout -1.0 weak,1,False,4-1,L1,134,0.0,6.0,9.0
Women's Bantamweight,10,Julianna Pena,score order #10,fight record,0.117,0.06,0.057,0.0,1567.282,1599.282,32.0,False,1.15,+2.0 QW +0.1 proof -1.0 blowout -0.0 weak,4,False,3-2,L1,477,0.0,9.0,10.0
Women's Bantamweight,11,Michelle Montague,score order #11,fight record,0.081,-0.018,0.099,0.0,1548.405,1548.405,0.0,False,2.0,+2.0 QW +0.0 proof -0.0 blowout -0.0 weak,2,False,2-0,W2,155,0.0,11.0,13.0
Women's Bantamweight,12,Karol Rosa,score order #12,fight record,0.028,0.143,0.035,0.15,1587.546,1587.546,0.0,False,0.7,+2.2 QW +0.5 proof -1.0 blowout -1.0 weak,3,False,2-3,L1,99,0.0,12.0,12.0
Women's Bantamweight,13,Melissa Gatto,score order #13,fight record,0.006,0.175,-0.02,0.15,1595.282,1595.282,0.0,False,-0.4,+0.6 QW +0.0 proof -0.0 blowout -1.0 weak,1,False,2-3,L1,176,0.0,11.0,13.0
Women's Bantamweight,14,Melissa Croden,score order #14,fight record,-0.05,0.0,-0.05,0.0,1552.794,1552.794,0.0,False,-1.0,+0.0 QW +0.0 proof -0.0 blowout -1.0 weak,0,False,2-1,W1,162,0.0,14.0,15.0
Women's Bantamweight,15,Nina Milosevic,score order #15,fight record,-0.076,-0.076,0.0,0.0,1534.372,1534.372,0.0,False,0.0,+0.0 QW +0.0 proof -0.0 blowout -0.0 weak,0,False,1-0,W1,57,0.0,14.0,15.0
Women's Bantamweight,16,Alice Pereira,score order #16,fight record,-0.147,-0.098,-0.05,0.0,1529.153,1529.153,0.0,False,-1.0,+0.0 QW +0.0 proof -0.0 blowout -1.0 weak,0,False,1-1,W1,176,0.0,16.0,16.0
Women's Bantamweight,17,Nora Cornolle,score order #17,fight record,-0.258,0.041,-0.149,0.15,1562.634,1562.634,0.0,False,-3.0,+0.0 QW +0.0 proof -0.0 blowout -3.0 weak,0,False,2-3,W1,22,0.0,17.0,19.0
Women's Bantamweight,18,Miesha Tate,score order #18,fight record,-0.284,-0.153,0.02,0.15,1515.664,1557.664,42.0,False,0.4,+1.4 QW +0.0 proof -0.0 blowout -1.0 weak,3,False,2-3,L1,512,0.0,17.0,19.0
Women's Bantamweight,19,Klaudia Sygula,score order #19,fight record,-0.29,-0.24,-0.05,0.0,1494.672,1494.672,0.0,False,-1.0,+1.0 QW +0.0 proof -1.0 blowout -1.0 weak,1,False,2-2,L1,22,0.169,18.0,19.0
Women's Bantamweight,20,Daria Zhelezniakova,score order #20,fight record,-0.347,-0.248,-0.099,0.0,1492.738,1492.738,0.0,False,-2.0,+0.0 QW +0.0 proof -1.0 blowout -1.0 weak,0,False,2-2,L1,162,0.0,20.0,20.0
Women's Bantamweight,21,Montse Rendon,score order #21,fight record,-0.442,-0.343,-0.099,0.0,1469.794,1469.794,0.0,False,-2.0,+0.0 QW +0.0 proof -1.0 blowout -1.0 weak,0,False,2-2,L1,197,0.0,21.0,21.0
Women's Bantamweight,22,Chelsea Chandler,score order #22,fight record,-0.447,-0.248,-0.05,0.15,1492.784,1492.784,0.0,False,-1.0,+1.0 QW +0.0 proof -1.0 blowout -1.0 weak,1,False,2-3,W1,113,0.139,22.0,22.0
Women's Bantamweight,23,Tainara Lisboa,score order #23,fight record,-0.504,-0.405,-0.099,0.0,1454.646,1454.646,0.0,False,-2.0,+0.0 QW +0.0 proof -0.0 blowout -2.0 weak,0,False,2-2,L2,344,0.106,23.0,23.0
Women's Bantamweight,24,Irina Alekseeva,score order #24,fight record,-0.611,-0.492,-0.119,0.0,1433.619,1433.619,0.0,False,-2.4,+0.6 QW +0.0 proof -1.0 blowout -2.0 weak,1,False,1-3,L3,351,0.0,24.0,24.0
Women's Bantamweight,25,Melissa Mullins,score order #25,fight record,-0.697,-0.399,-0.149,0.15,1456.202,1456.202,0.0,False,-3.0,+0.0 QW +0.0 proof -2.0 blowout -1.0 weak,0,False,2-3,L2,99,0.118,25.0,25.0
Women's Bantamweight,26,Hailey Cowan,score order #26,fight record,-0.854,-0.705,-0.149,0.0,1381.995,1381.995,0.0,False,-3.0,+0.0 QW +0.0 proof -1.0 blowout -2.0 weak,0,False,0-4,L4,57,0.254,26.0,27.0
Women's Bantamweight,27,Mayra Bueno Silva,score order #27,fight record,-0.917,-0.158,-0.158,0.6,1514.417,1514.417,0.0,False,-3.2,+0.3 QW +0.5 proof -3.0 blowout -1.0 weak,1,False,0-5,L5,155,0.029,26.0,27.0
Women's Bantamweight,28,Priscila Cachoeira,score order #28,fight record,-1.194,-0.546,-0.198,0.45,1420.638,1420.638,0.0,False,-4.0,+0.0 QW +0.0 proof -3.0 blowout -1.0 weak,0,False,1-4,L3,113,0.045,28.0,28.0
Women's Flyweight,1,Valentina Shevchenko,score order #1,fight record,1.042,0.69,0.352,0.0,1763.426,1763.426,0.0,True,5.55,+5.5 QW +0.1 proof -0.0 blowout -0.0 weak,11,True,4-1,W3,316,0.0,1.0,1.0
Women's Flyweight,2,Alexa Grasso,score order #7; head-to-head -> #2,fight record,0.513,0.347,0.167,0.0,1648.543,1648.543,0.0,False,2.1,+4.1 QW +0.0 proof -2.0 blowout -0.0 weak,6,True,3-2,W2,15,0.0,6.0,7.0
Women's Flyweight,3,Manon Fiorot,score order #5; head-to-head -> #3,fight record,0.669,0.497,0.172,0.0,1698.952,1698.952,0.0,False,2.2,+3.2 QW +0.0 proof -0.0 blowout -1.0 weak,4,False,3-2,L1,15,0.0,5.0,5.0
Women's Flyweight,4,Erin Blanchfield,score order #2; head-to-head -> #4,fight record,0.786,0.55,0.237,0.0,1716.499,1716.499,0.0,False,3.4,+4.4 QW +0.0 proof -1.0 blowout -0.0 weak,6,True,4-1,W2,316,0.0,2.0,3.0
Women's Flyweight,5,Natalia Silva,score order #3; head-to-head -> #5,fight record,0.778,0.477,0.301,0.0,1692.238,1692.238,0.0,False,4.6,+4.6 QW +0.0 proof -0.0 blowout -0.0 weak,5,True,5-0,W8,246,0.0,2.0,3.0
Women's Flyweight,6,Rose Namajunas,score order #4; head-to-head -> #6,fight record,0.741,0.456,0.285,0.0,1684.985,1684.985,0.0,False,4.3,+5.3 QW +0.0 proof -0.0 blowout -1.0 weak,11,True,3-2,L1,246,0.022,4.0,4.0
Women's Flyweight,7,Maycee Barber,score order #6; head-to-head -> #7,fight record,0.559,0.306,0.253,0.0,1635.006,1635.006,0.0,False,3.7,+4.7 QW +0.0 proof -1.0 blowout -0.0 weak,7,True,4-1,L1,183,0.057,6.0,7.0
Women's Flyweight,8,Jasmine Jasudavicius,score order #8,fight record,0.441,0.226,0.215,0.0,1608.02,1608.02,0.0,False,3.0,+4.0 QW +0.0 proof -1.0 blowout -0.0 weak,4,False,4-1,W1,162,0.029,8.0,8.0
Women's Flyweight,9,Wang Cong,score order #9,fight record,0.31,0.203,0.108,0.0,1600.319,1600.319,0.0,False,1.0,+2.0 QW +0.0 proof -0.0 blowout -1.0 weak,2,False,4-1,W4,78,0.0,9.0,10.0
Women's Flyweight,10,Casey O'Neill,score order #10,fight record,0.298,0.298,0.0,0.0,1632.189,1632.189,0.0,False,-1.0,+0.0 QW +0.0 proof -0.0 blowout -1.0 weak,0,False,3-2,W3,8,0.0,9.0,10.0
Women's Flyweight,11,Carli Judice,score order #11,fight record,0.23,0.23,0.0,0.0,1609.368,1609.368,0.0,False,-1.0,+0.0 QW +0.0 proof -0.0 blowout -1.0 weak,0,False,4-1,W4,36,0.0,11.0,12.0
Women's Flyweight,12,Miranda Maverick,score order #12,fight record,0.228,0.158,0.07,0.0,1585.374,1615.374,30.0,False,0.3,+1.3 QW +0.0 proof -1.0 blowout -0.0 weak,2,False,4-1,L1,470,0.0,11.0,12.0
Women's Flyweight,13,Regina Tarin,score order #13,fight record,0.108,0.0,0.108,0.0,1532.452,1532.452,0.0,False,1.0,+1.0 QW +0.0 proof -0.0 blowout -0.0 weak,1,False,2-0,W2,15,0.0,13.0,16.0
Women's Flyweight,14,Dione Barbosa,score order #14,fight record,0.097,0.151,-0.054,0.0,1582.927,1582.927,0.0,False,-2.0,+0.0 QW +0.0 proof -1.0 blowout -1.0 weak,0,False,3-2,W2,71,0.0,13.0,15.0
Women's Flyweight,15,JJ Aldrich,score order #15,fight record,0.095,-0.007,0.102,0.0,1530.021,1530.021,0.0,False,0.9,+2.9 QW +0.0 proof -0.0 blowout -2.0 weak,4,False,3-2,L1,15,0.017,14.0,17.0
Women's Flyweight,16,Jamey-Lyn Horth,score order #16,fight record,0.049,0.103,-0.054,0.0,1566.858,1566.858,0.0,False,-2.0,+1.0 QW +0.0 proof -0.0 blowout -3.0 weak,1,False,3-2,L1,162,0.0,14.0,17.0
Women's Flyweight,17,Tracy Cortez,score order #17,fight record,0.041,0.164,0.027,0.15,1587.376,1587.376,0.0,False,-0.5,+1.0 QW +0.5 proof -1.0 blowout -1.0 weak,1,False,2-3,L2,78,0.0,15.0,17.0
Women's Flyweight,18,Karine Silva,score order #18,fight record,-0.028,0.144,-0.022,0.15,1580.592,1580.592,0.0,False,-1.4,+1.6 QW +0.0 proof -0.0 blowout -3.0 weak,2,False,2-3,L2,162,0.0,18.0,20.0
Women's Flyweight,19,Lauren Murphy,score order #19,fight record,-0.063,0.022,0.065,0.15,1539.812,1561.812,22.0,False,0.2,+1.2 QW +0.0 proof -0.0 blowout -1.0 weak,3,False,2-3,L2,442,0.019,19.0,19.0
Women's Flyweight,20,Veronica Hardy,score order #20,fight record,-0.072,-0.126,0.054,0.0,1490.394,1490.394,0.0,False,0.0,+1.0 QW +0.0 proof -0.0 blowout -1.0 weak,1,False,4-1,W1,358,0.0,18.0,20.0
Women's Flyweight,21,Luana Carolina,score order #21,fight record,-0.111,-0.111,0.0,0.0,1495.154,1495.154,0.0,False,-1.0,+0.0 QW +0.0 proof -1.0 blowout -0.0 weak,0,False,3-2,L1,365,0.081,21.0,21.0
Women's Flyweight,22,Nicolle Caliari,score order #22,fight record,-0.149,-0.096,-0.054,0.0,1500.473,1500.473,0.0,False,-2.0,+0.0 QW +0.0 proof -0.0 blowout -2.0 weak,0,False,1-2,W1,134,0.142,22.0,24.0
Women's Flyweight,23,Gabriella Fernandes,score order #23,fight record,-0.178,-0.178,0.0,0.0,1472.854,1472.854,0.0,False,-1.0,+0.0 QW +0.0 proof -1.0 blowout -0.0 weak,0,False,3-2,L1,183,0.078,23.0,24.0
Women's Flyweight,24,Viviane Araujo,score order #24,fight record,-0.188,-0.102,0.065,0.15,1498.286,1524.286,26.0,False,0.2,+2.2 QW +0.0 proof -1.0 blowout -1.0 weak,4,False,2-3,L1,456,0.0,22.0,25.0
Women's Flyweight,25,Ernesta Kareckaite,score order #25,fight record,-0.189,-0.135,-0.054,0.0,1487.126,1487.126,0.0,False,-2.0,+0.0 QW +0.0 proof -1.0 blowout -1.0 weak,0,False,1-2,L1,211,0.0,23.0,28.0
Women's Flyweight,26,Jeisla Chaves,score order #26,fight record,-0.203,-0.203,0.0,0.0,1464.421,1464.421,0.0,False,-1.0,+0.0 QW +0.0 proof -1.0 blowout -0.0 weak,0,False,1-1,L1,36,0.213,25.0,26.0
Women's Flyweight,27,Anna Melisano,score order #27,fight record,-0.209,-0.209,0.0,0.0,1462.428,1462.428,0.0,False,-1.0,+0.0 QW +0.0 proof -1.0 blowout -0.0 weak,0,False,0-1,L1,71,0.0,26.0,27.0
Women's Flyweight,28,Tereza Bleda,score order #28,fight record,-0.216,-0.216,0.0,0.0,1460.223,1460.223,0.0,False,-1.0,+0.0 QW +0.0 proof -1.0 blowout -0.0 weak,0,False,1-2,L1,288,0.458,27.0,28.0
Women's Flyweight,29,Yuneisy Duben,score order #29,fight record,-0.247,-0.194,-0.054,0.0,1467.673,1467.673,0.0,False,-2.0,+0.0 QW +0.0 proof -1.0 blowout -1.0 weak,0,False,0-2,L2,113,0.296,29.0,29.0
Women's Flyweight,30,Ivana Petrovic,score order #30,fight record,-0.295,-0.242,-0.054,0.0,1451.541,1493.541,42.0,False,-2.0,+0.0 QW +0.0 proof -0.0 blowout -2.0 weak,0,False,1-3,L2,512,0.0,30.0,31.0
Women's Strawweight,0,Mackenzie Dern,title holder,title holder,0.753,0.34,0.413,0.0,1666.626,1666.626,0.0,False,6.0,+5.5 QW +0.5 proof -0.0 blowout -0.0 weak,7,True,4-1,W4,43,0.016,0.0,0.0
Women's Strawweight,1,Virna Jandiroba,score order #2; title cycle -> #1,fight record,0.729,0.345,0.384,0.0,1668.474,1668.474,0.0,False,5.5,+5.5 QW +0.0 proof -0.0 blowout -0.0 weak,7,True,4-1,W1,176,0.0,1.0,3.0
Women's Strawweight,2,Tatiana Suarez,score order #3; title cycle -> #2,fight record,0.679,0.49,0.189,0.0,1720.52,1720.52,0.0,False,2.2,+3.2 QW +0.0 proof -1.0 blowout -0.0 weak,4,False,4-1,W2,169,0.0,2.0,3.0
Women's Strawweight,3,Alexia Thainara,score order #5; title cycle -> #3,fight record,0.455,0.219,0.236,0.0,1623.406,1623.406,0.0,False,3.0,+3.0 QW +0.0 proof -0.0 blowout -0.0 weak,3,False,4-0,W4,50,0.0,5.0,6.0
Women's Strawweight,4,Zhang Weili,score order #1; title cycle -> #4,fight record,0.79,0.512,0.278,0.0,1728.286,1728.286,0.0,False,3.7,+4.7 QW +0.0 proof -1.0 blowout -0.0 weak,8,True,4-1,L1,316,0.026,1.0,2.0
Women's Strawweight,5,Gillian Robertson,score order #4; title cycle -> #5,fight record,0.492,0.298,0.195,0.0,1651.509,1651.509,0.0,False,2.3,+3.3 QW +0.0 proof -1.0 blowout -0.0 weak,4,False,4-1,L1,43,0.007,4.0,4.0
Women's Strawweight,6,Denise Gomes,score order #6,fight record,0.407,0.23,0.177,0.0,1627.278,1627.278,0.0,False,2.0,+3.0 QW +0.0 proof -0.0 blowout -1.0 weak,3,False,5-0,W5,29,0.0,6.0,7.0
Women's Strawweight,7,Fatima Kline,score order #7,fight record,0.395,0.277,0.118,0.0,1644.271,1644.271,0.0,False,1.0,+2.0 QW +0.0 proof -1.0 blowout -0.0 weak,2,False,4-1,W4,71,0.0,5.0,7.0
Women's Strawweight,8,Jaqueline Amorim,score order #8,fight record,0.321,0.203,0.118,0.0,1617.701,1617.701,0.0,False,1.0,+2.0 QW +0.0 proof -1.0 blowout -0.0 weak,2,False,4-1,W1,120,0.0,8.0,9.0
Women's Strawweight,9,Iasmin Lucindo,score order #9,fight record,0.32,0.143,0.177,0.0,1596.297,1610.297,14.0,False,2.0,+3.0 QW +0.0 proof -0.0 blowout -1.0 weak,3,False,4-1,W1,414,0.0,8.0,9.0
Women's Strawweight,10,Jessica Andrade,score order #10,fight record,0.222,0.184,0.189,0.15,1610.697,1622.697,12.0,False,2.2,+5.2 QW +0.0 proof -2.0 blowout -1.0 weak,12,True,2-3,L3,407,0.068,10.0,11.0
Women's Strawweight,11,Stephanie Luciano,score order #11,fight record,0.159,0.159,0.0,0.0,1601.762,1601.762,0.0,False,-1.0,+0.0 QW +0.0 proof -0.0 blowout -1.0 weak,0,False,3-1,W2,57,0.0,10.0,12.0
Women's Strawweight,12,Shanelle Dyer,score order #12,fight record,0.121,0.062,0.059,0.0,1567.207,1567.207,0.0,False,0.0,+0.0 QW +0.0 proof -0.0 blowout -0.0 weak,0,False,2-0,W2,36,0.0,12.0,12.0
Women's Strawweight,13,Piera Rodriguez,score order #13,fight record,0.112,0.053,0.059,0.0,1563.901,1563.901,0.0,False,0.0,+1.0 QW +0.0 proof -0.0 blowout -1.0 weak,1,False,3-2,W3,197,0.0,13.0,13.0
Women's Strawweight,14,Loopy Godinez,score order #14,fight record,0.088,0.173,0.065,0.15,1607.072,1607.072,0.0,False,0.1,+1.6 QW +0.5 proof -0.0 blowout -2.0 weak,2,False,2-3,L1,169,0.0,14.0,17.0
Women's Strawweight,15,Talita Alencar,score order #15,fight record,0.07,0.011,0.059,0.0,1548.896,1548.896,0.0,False,0.0,+1.0 QW +0.0 proof -1.0 blowout -0.0 weak,1,False,4-1,W3,155,0.0,15.0,17.0
Women's Strawweight,16,Delphine Benouaich,score order #16,fight record,0.059,0.0,0.059,0.0,1545.0,1545.0,0.0,False,0.0,+0.0 QW +0.0 proof -0.0 blowout -0.0 weak,0,False,1-0,W1,22,0.0,16.0,20.0
Women's Strawweight,17,Tina Black,score order #17,fight record,0.059,0.0,0.059,0.0,1545.0,1545.0,0.0,False,0.0,+0.0 QW +0.0 proof -0.0 blowout -0.0 weak,0,False,1-0,W1,1,0.0,17.0,21.0
Women's Strawweight,18,Tabatha Ricci,score order #18,fight record,0.057,0.083,0.124,0.15,1574.815,1574.815,0.0,False,1.1,+3.6 QW +0.5 proof -2.0 blowout -1.0 weak,4,False,2-3,L2,71,0.035,15.0,22.0
Women's Strawweight,19,Mizuki,score order #19,fight record,0.048,-0.07,0.118,0.0,1520.036,1520.036,0.0,False,1.0,+1.0 QW +0.0 proof -0.0 blowout -0.0 weak,1,False,3-1,W2,337,0.0,14.0,23.0
Women's Strawweight,20,Yan Xiaonan,score order #20,fight record,0.044,0.129,0.065,0.15,1591.247,1591.247,0.0,False,0.1,+2.8 QW +0.3 proof -3.0 blowout -0.0 weak,5,True,2-3,L2,29,0.081,18.0,20.0
Women's Strawweight,21,Tecia Pennington,score order #21,fight record,0.032,0.159,0.024,0.15,1601.864,1601.864,0.0,False,-0.6,+1.4 QW +0.0 proof -1.0 blowout -1.0 weak,3,False,2-3,L1,323,0.0,16.0,22.0
Women's Strawweight,22,Julia Polastri,score order #22,fight record,0.022,0.081,-0.059,0.0,1574.146,1574.146,0.0,False,-2.0,+1.0 QW +0.0 proof -0.0 blowout -3.0 weak,1,False,3-2,W1,29,0.0,15.0,24.0
Women's Strawweight,23,Ketlen Souza,score order #26; head-to-head -> #23,fight record,-0.054,0.005,-0.059,0.0,1546.833,1546.833,0.0,False,-2.0,+0.0 QW +0.0 proof -0.0 blowout -2.0 weak,0,False,3-2,W2,113,0.0,25.0,26.0
Women's Strawweight,24,Yazmin Jauregui,score order #23; head-to-head -> #24,fight record,0.013,-0.046,0.059,0.0,1528.484,1528.484,0.0,False,0.0,+1.0 QW +0.0 proof -1.0 blowout -0.0 weak,1,False,3-2,W1,1,0.071,21.0,24.0
Women's Strawweight,25,Alice Ardelean,score order #24; head-to-head -> #25,fight record,0.002,0.061,-0.059,0.0,1566.941,1566.941,0.0,False,-2.0,+0.0 QW +0.0 proof -0.0 blowout -2.0 weak,0,False,3-2,W3,134,0.0,18.0,25.0
Women's Strawweight,26,Carol Foro,score order #25; head-to-head -> #26,fight record,-0.021,-0.08,0.059,0.0,1516.224,1516.224,0.0,False,0.0,+0.0 QW +0.0 proof -0.0 blowout -0.0 weak,0,False,1-0,W1,50,0.0,23.0,26.0
Women's Strawweight,27,Shi Ming,score order #27,fight record,-0.118,-0.118,0.0,0.0,1502.879,1512.879,10.0,False,-1.0,+0.0 QW +0.0 proof -0.0 blowout -1.0 weak,0,False,1-1,L1,400,0.0,27.0,28.0
Women's Strawweight,28,Amanda Lemos,score order #28,fight record,-0.121,0.163,0.165,0.45,1603.487,1603.487,0.0,False,1.8,+2.8 QW +1.0 proof -0.0 blowout -2.0 weak,4,False,1-4,L3,50,0.042,27.0,30.0
Women's Strawweight,29,Sam Hughes,score order #29,fight record,-0.15,-0.091,-0.059,0.0,1512.281,1512.281,0.0,False,-2.0,+0.0 QW +0.0 proof -2.0 blowout -0.0 weak,0,False,3-2,L1,197,0.048,29.0,30.0
Women's Strawweight,30,Angela Hill,score order #30,fight record,-0.156,0.077,-0.083,0.15,1572.519,1572.519,0.0,False,-2.4,+0.6 QW +0.0 proof -2.0 blowout -1.0 weak,1,False,2-3,W1,120,0.0,27.0,34.0
