year,card_type,events,bouts_per_card,top10_bouts_per_card,top15_bouts_per_card,share_cards_zero_top10,share_cards_zero_top15,ranked_share_of_slots
2022,Fight Night,29,12.0,0.69,1.483,0.414,0.103,0.197
2022,Numbered,13,12.538,2.308,3.077,0.077,0.077,0.307
2023,Fight Night,29,11.793,0.793,1.345,0.31,0.069,0.189
2023,Numbered,14,12.714,1.857,2.643,0.071,0.0,0.319
2024,Fight Night,28,12.179,0.679,1.25,0.536,0.143,0.182
2024,Numbered,14,12.571,2.214,3.143,0.143,0.0,0.379
2025,Fight Night,30,11.9,0.633,1.4,0.433,0.167,0.185
2025,Numbered,13,12.692,2.462,3.538,0.077,0.0,0.395
2026,Fight Night,25,12.64,0.88,1.4,0.32,0.12,0.215
2026,Numbered,8,12.375,2.125,2.875,0.0,0.0,0.336
