a,b,shared,mean_abs_gap,top10_overlap_pct
UFC media,Meta,139,1.53,0.864
UFC media,Sherdog,83,0.88,0.736
UFC media,Fight Matrix,120,1.37,0.855
UFC media,ESPN (Jun),88,1.22,0.755
UFC media,Our board,121,1.76,0.818
Meta,Sherdog,82,1.38,0.709
Meta,Fight Matrix,110,1.52,0.827
Meta,ESPN (Jun),87,1.64,0.7
Meta,Our board,124,1.91,0.809
Sherdog,Fight Matrix,83,1.16,0.908
Sherdog,ESPN (Jun),75,0.92,0.862
Sherdog,Our board,78,1.62,0.874
Fight Matrix,ESPN (Jun),87,1.31,0.745
Fight Matrix,Our board,106,1.81,0.773
ESPN (Jun),Our board,81,1.84,0.784
