division,rank,fighter,champion,rank_all,rank_p10,rank_p90,score,rating,record_3y,ufc_bouts,top15_wins,days_since,slpm,diff_pm
Bantamweight,1,Merab Dvalishvili,False,1,1.0,1.0,0.935,1934.096,5-1,17,8,294,4.372,1.056
Bantamweight,2,Mario Bautista,False,2,2.0,3.0,0.9,1806.375,5-1,15,3,77,5.698,1.557
Bantamweight,0,Petr Yan,True,3,2.0,4.0,0.882,1864.231,4-0,16,8,294,5.5,1.288
Bantamweight,3,Umar Nurmagomedov,False,4,4.0,5.0,0.859,1834.719,4-2,10,2,28,3.428,1.228
Bantamweight,4,Song Yadong,False,5,4.0,7.0,0.851,1810.907,4-2,18,4,28,3.676,-0.058
Bantamweight,5,Raul Rosas Jr.,False,6,4.0,7.0,0.833,1703.744,5-0,8,2,0,2.5,0.027
Bantamweight,6,Raoni Barcelos,False,7,6.0,12.0,0.813,1671.929,5-1,16,2,0,3.97,0.544
Bantamweight,7,Montel Jackson,False,8,7.0,11.0,0.798,1732.86,3-2,14,0,0,2.446,1.035
Bantamweight,8,Sean O'Malley,False,9,6.0,13.0,0.798,1822.028,3-2,15,5,104,4.474,1.195
Bantamweight,9,Payton Talbott,False,10,8.0,14.0,0.783,1719.118,5-1,6,0,294,5.856,2.863
Bantamweight,10,Farid Basharat,False,11,9.0,13.0,0.783,1715.112,5-0,7,0,77,4.12,0.467
Bantamweight,11,David Martinez,False,12,8.0,15.0,0.78,1752.242,4-0,4,0,14,4.271,1.753
Bantamweight,12,Marcus McGhee,False,13,12.0,17.0,0.761,1716.975,3-1,6,0,112,5.796,1.832
Bantamweight,13,Bryce Mitchell,False,14,11.0,17.1,0.743,1714.009,3-2,13,2,112,1.89,0.643
Bantamweight,14,Aiemann Zahabi,False,15,13.0,19.0,0.74,1696.394,4-1,11,1,104,5.736,1.0
Bantamweight,15,Cory Sandhagen,False,16,10.0,22.0,0.734,1796.581,1-3,17,8,77,3.966,-0.513
Featherweight,1,Aljamain Sterling,False,1,1.0,1.0,0.904,1870.034,3-1,23,12,154,2.762,1.438
Featherweight,2,Diego Lopes,False,2,2.0,6.0,0.865,1838.894,6-2,10,4,104,4.23,-0.348
Featherweight,3,Lerone Murphy,False,3,3.0,6.1,0.854,1737.975,4-1,11,2,189,4.853,2.014
Featherweight,4,Joanderson Brito,False,4,2.0,8.0,0.853,1741.298,5-2,11,2,7,1.862,-0.175
Featherweight,5,Jean Silva,False,5,3.0,10.0,0.847,1779.034,7-1,8,1,14,4.294,0.096
Featherweight,6,Steve Garcia,False,6,2.0,10.0,0.845,1762.45,5-1,11,0,104,6.1,4.305
Featherweight,7,Vinicius Oliveira,False,7,5.0,9.0,0.844,1738.919,5-1,6,2,98,5.278,2.393
Featherweight,8,Youssef Zalal,False,8,3.0,10.0,0.842,1701.688,5-1,13,1,154,2.829,0.977
Featherweight,9,Pat Sabatini,False,9,7.0,12.0,0.824,1705.212,4-1,11,2,140,1.403,0.455
Featherweight,10,Movsar Evloev,False,10,6.0,12.0,0.821,1813.617,3-0,10,5,189,2.636,-0.273
Featherweight,11,Kevin Vallejos,False,11,6.0,14.0,0.818,1767.347,4-0,4,0,196,5.677,2.129
Featherweight,12,Melquizael Costa,False,12,11.0,16.0,0.789,1715.819,6-2,10,0,133,4.059,0.682
Featherweight,13,Cub Swanson,False,13,11.0,17.0,0.779,1669.305,2-1,26,6,168,6.45,0.619
Featherweight,0,Alexander Volkanovski,True,14,9.0,20.0,0.777,1908.955,2-2,18,12,238,4.981,1.866
Featherweight,14,Arnold Allen,False,15,12.0,19.0,0.772,1734.291,2-2,15,5,133,3.914,0.157
Featherweight,15,Tommy McMillen,False,16,13.0,20.0,0.751,1717.627,3-0,3,0,14,12.795,8.016
Flyweight,0,Joshua Van,True,1,1.0,2.0,0.888,1776.483,10-1,12,4,7,8.281,2.553
Flyweight,1,Manel Kape,False,2,1.0,3.0,0.848,1738.72,4-1,11,4,98,4.129,1.032
Flyweight,2,Alexandre Pantoja,False,3,2.0,9.0,0.813,1712.824,4-2,19,8,7,4.73,-0.138
Flyweight,3,Tatsuro Taira,False,4,3.0,7.0,0.809,1713.462,4-2,10,3,140,2.651,-1.542
Flyweight,4,Brandon Royval,False,5,3.0,8.0,0.809,1675.338,3-3,13,6,77,6.507,1.589
Flyweight,5,Ramazan Temirov,False,6,3.0,8.0,0.804,1692.64,3-0,3,2,63,4.733,1.082
Flyweight,6,Kyoji Horiguchi,False,7,4.0,9.0,0.781,1599.51,2-1,11,3,98,3.725,2.7
Flyweight,7,Asu Almabayev,False,8,5.0,9.0,0.779,1677.97,6-1,8,0,91,2.204,0.146
Flyweight,8,Sumudaerji,False,9,6.0,10.0,0.77,1610.934,4-2,11,1,28,3.872,2.088
Flyweight,9,Rei Tsuruya,False,10,8.0,13.0,0.735,1642.027,3-1,4,0,28,2.796,0.772
Flyweight,10,Kai Kara-France,False,11,10.0,15.0,0.716,1651.73,1-1,13,2,455,3.504,0.313
Flyweight,11,Jose Ochoa,False,12,11.0,15.0,0.709,1633.009,2-2,4,0,140,5.161,2.172
Flyweight,12,Brandon Moreno,False,13,10.0,17.0,0.694,1635.371,3-3,21,8,14,3.987,-0.261
Flyweight,13,Alex Perez,False,14,12.0,15.0,0.69,1600.028,2-4,15,3,28,3.193,0.051
Flyweight,14,Charles Johnson,False,15,11.9,16.0,0.684,1563.239,7-4,16,1,42,4.778,0.766
Flyweight,15,Allan Nascimento,False,16,14.0,18.0,0.658,1596.825,2-1,6,1,98,3.192,0.34
Heavyweight,1,Alexander Volkov,False,1,1.0,3.0,0.893,1894.383,3-1,19,10,140,3.9,1.367
Heavyweight,2,Ciryl Gane,False,2,2.0,4.0,0.88,1887.634,2-0,13,7,104,4.522,2.145
Heavyweight,3,Tom Aspinall,False,3,1.0,5.0,0.879,1971.314,2-0,9,4,336,11.163,8.372
Heavyweight,4,Alex Pereira,False,4,3.0,5.0,0.855,1876.45,5-2,13,9,104,4.907,1.159
Heavyweight,5,Waldo Cortes Acosta,False,5,3.0,5.0,0.85,1762.682,7-3,14,3,14,4.145,0.988
Heavyweight,6,Josh Hokit,False,6,5.0,8.0,0.814,1822.285,4-0,4,2,104,10.277,4.157
Heavyweight,7,Valter Walker,False,7,7.0,10.0,0.782,1735.241,5-1,6,0,63,1.916,-0.758
Heavyweight,8,Mario Pinto,False,8,6.0,10.0,0.779,1742.49,4-0,4,0,21,3.47,1.595
Heavyweight,9,Curtis Blaydes,False,9,6.0,11.1,0.768,1800.697,3-2,21,12,14,5.329,0.194
Heavyweight,10,Vitor Petrino,False,10,9.0,11.0,0.758,1683.771,6-2,10,1,35,3.375,0.945
Heavyweight,11,Sergei Pavlovich,False,11,8.0,13.0,0.735,1849.581,3-2,12,6,119,2.991,-0.321
Heavyweight,12,Brando Pericic,False,12,10.0,14.0,0.716,1710.663,3-0,3,0,147,11.004,6.747
Heavyweight,13,Rizvan Kuniev,False,13,11.0,14.0,0.702,1701.332,2-1,3,1,63,3.738,1.141
Heavyweight,14,Aleksandar Rakic,False,14,12.0,14.0,0.69,1702.35,1-3,12,2,56,4.606,0.748
Heavyweight,15,Serghei Spivac,False,15,15.0,17.0,0.636,1639.326,2-3,16,2,35,3.022,-1.976
Light Heavyweight,0,Carlos Ulberg,True,1,1.0,2.0,0.883,1881.451,5-0,11,4,168,5.633,1.111
Light Heavyweight,1,Navajo Stirling,False,2,1.0,5.0,0.865,1808.058,6-0,6,1,56,6.407,3.945
Light Heavyweight,2,Volkan Oezdemir,False,3,2.0,6.0,0.843,1778.533,2-1,16,7,308,7.718,1.639
Light Heavyweight,3,Dominick Reyes,False,4,3.0,6.0,0.84,1747.261,4-1,15,5,168,5.592,3.094
Light Heavyweight,4,Magomed Ankalaev,False,5,3.0,7.0,0.822,1849.777,4-1,16,10,63,3.43,0.363
Light Heavyweight,5,Robert Whittaker,False,6,3.0,8.0,0.819,1814.083,3-2,25,9,77,4.096,0.674
Light Heavyweight,6,Reinier de Ridder,False,7,5.0,9.0,0.792,1762.613,5-2,7,1,35,3.18,0.917
Light Heavyweight,7,Paulo Costa,False,8,7.0,9.0,0.777,1765.015,2-2,12,3,168,5.709,0.301
Light Heavyweight,8,Azamat Murzakanov,False,9,7.0,9.0,0.777,1762.942,3-1,7,2,168,4.147,0.837
Light Heavyweight,9,Bogdan Guskov,False,10,10.0,14.0,0.712,1717.948,4-1,7,0,63,3.684,0.384
Light Heavyweight,10,Abdul Rakhman Yakhyaev,False,11,10.0,17.0,0.701,1689.693,3-0,3,0,91,4.851,2.809
Light Heavyweight,11,Jiri Prochazka,False,12,10.0,15.0,0.683,1752.157,3-3,9,5,168,5.489,-0.381
Light Heavyweight,12,Ion Cutelaba,False,13,11.0,16.0,0.678,1642.102,3-3,21,2,98,3.249,-0.412
Light Heavyweight,13,Johnny Walker,False,14,11.0,16.0,0.673,1718.493,1-3,15,5,168,3.996,0.031
Light Heavyweight,14,Khalil Rountree Jr.,False,15,12.0,17.0,0.664,1682.483,2-2,17,3,357,4.115,-0.467
Light Heavyweight,15,Jan Blachowicz,False,16,12.0,21.0,0.649,1702.912,0-2,23,5,56,4.433,-1.336
Lightweight,1,Arman Tsarukyan,False,1,1.0,3.0,0.891,1880.705,4-0,13,5,7,3.619,2.435
Lightweight,2,Quillan Salkilld,False,2,1.0,4.0,0.885,1829.642,6-0,6,1,49,4.355,2.35
Lightweight,3,Charles Oliveira,False,3,1.0,7.1,0.865,1891.343,3-2,36,11,203,2.352,-0.279
Lightweight,4,Paddy Pimblett,False,4,3.0,6.0,0.865,1842.835,4-1,9,2,77,6.173,2.11
Lightweight,5,Benoit Saint Denis,False,5,4.0,8.0,0.846,1775.206,5-3,13,1,77,5.538,2.539
Lightweight,6,King Green,False,6,5.0,9.0,0.837,1750.298,6-3,30,1,77,8.23,4.803
Lightweight,7,Renato Moicano,False,7,4.0,11.0,0.831,1745.31,4-2,20,4,175,2.764,0.276
Lightweight,8,Mateusz Gamrot,False,8,5.0,12.0,0.826,1788.193,3-3,14,3,49,3.382,1.127
Lightweight,9,Jalin Turner,False,9,6.0,11.0,0.822,1771.697,3-2,15,1,42,5.932,1.768
Lightweight,10,Ilia Topuria,False,10,5.0,11.0,0.821,1889.022,3-1,10,3,104,5.358,0.047
Lightweight,11,Grant Dawson,False,11,8.0,14.0,0.808,1759.137,4-2,15,1,140,3.476,1.508
Lightweight,12,Mauricio Ruffy,False,12,10.0,15.0,0.782,1723.781,5-2,7,2,7,3.678,0.144
Lightweight,0,Justin Gaethje,True,13,10.0,18.0,0.776,1863.295,3-1,16,8,104,4.824,-1.083
Lightweight,13,Diego Ferreira,False,14,12.0,17.0,0.768,1684.371,2-2,18,3,49,5.651,1.716
Lightweight,14,Rafael Fiziev,False,15,14.0,17.0,0.766,1713.611,2-2,13,2,91,4.268,-0.179
Lightweight,15,Manuel Torres,False,16,13.0,19.1,0.749,1718.76,3-2,7,1,91,5.06,0.591
Middleweight,1,Khamzat Chimaev,False,1,1.0,3.0,0.871,1926.721,3-1,10,3,140,2.567,0.029
Middleweight,2,Gregory Rodrigues,False,2,1.0,5.0,0.851,1800.705,6-1,14,2,35,5.641,1.773
Middleweight,3,Christian Leroy Duncan,False,3,2.0,5.0,0.847,1765.049,7-1,10,2,70,4.528,2.766
Middleweight,0,Sean Strickland,True,4,2.0,6.0,0.838,1880.398,3-2,25,6,140,6.371,1.077
Middleweight,4,Nassourdine Imavov,False,5,3.0,7.0,0.828,1828.001,5-0,11,6,385,3.985,1.459
Middleweight,5,Joe Pyfer,False,6,5.0,9.0,0.802,1779.513,5-1,8,1,182,3.485,0.108
Middleweight,6,Brendan Allen,False,7,6.0,10.0,0.794,1755.515,5-2,19,2,112,3.546,-0.13
Middleweight,7,Dricus Du Plessis,False,8,6.0,11.0,0.793,1909.827,4-1,11,5,70,4.409,-0.034
Middleweight,8,Anthony Hernandez,False,9,5.0,11.0,0.792,1734.639,4-2,13,3,35,4.48,0.585
Middleweight,9,Caio Borralho,False,10,9.0,14.0,0.754,1758.329,4-1,9,2,203,4.164,0.964
Middleweight,10,Ikram Aliskerov,False,11,8.0,15.0,0.747,1784.815,4-1,6,0,91,5.485,1.906
Middleweight,11,Abus Magomedov,False,12,10.0,14.0,0.746,1695.993,4-2,8,1,91,2.704,0.073
Middleweight,12,Kamaru Usman,False,13,8.0,21.0,0.738,1802.935,1-2,20,10,70,2.6,-0.754
Middleweight,13,Michael Page,False,14,10.0,17.0,0.734,1737.04,5-1,6,2,21,1.922,0.522
Middleweight,14,Yousri Belgaroui,False,15,10.0,17.0,0.729,1758.25,3-0,3,0,14,8.35,6.417
Middleweight,15,Edmen Shahbazyan,False,16,14.0,18.0,0.71,1681.828,5-2,16,0,7,4.763,1.593
Welterweight,0,Islam Makhachev,True,1,1.0,1.0,0.902,1987.366,5-0,19,7,42,2.128,0.451
Welterweight,1,Sean Brady,False,2,2.0,3.0,0.87,1845.228,4-1,11,4,140,3.982,2.353
Welterweight,2,Michael Morales,False,3,3.0,6.0,0.849,1920.475,4-0,7,2,315,6.542,3.738
Welterweight,3,Ian Machado Garry,False,4,2.0,6.0,0.842,1867.789,4-2,12,4,42,2.958,0.917
Welterweight,4,Gabriel Bonfim,False,5,4.0,8.0,0.822,1826.543,5-1,8,4,112,4.656,1.133
Welterweight,5,Max Holloway,False,6,3.0,11.0,0.815,1894.825,3-2,33,14,77,5.656,1.813
Welterweight,6,Carlos Prates,False,7,5.0,9.0,0.811,1831.964,7-1,8,3,147,4.378,0.026
Welterweight,7,Michael Chiesa,False,8,5.0,10.0,0.801,1705.19,4-0,22,3,182,2.806,0.914
Welterweight,8,Joaquin Buckley,False,9,7.0,11.0,0.79,1731.527,5-2,17,3,140,3.486,0.674
Welterweight,9,Daniil Donchenko,False,10,7.0,14.1,0.774,1764.101,4-0,4,0,21,7.141,4.996
Welterweight,10,Uros Medic,False,11,9.0,13.0,0.768,1733.044,5-2,11,1,56,3.611,1.14
Welterweight,11,Yaroslav Amosov,False,12,8.0,17.0,0.757,1748.269,2-0,2,1,140,2.646,1.27
Welterweight,12,Kevin Holland,False,13,11.0,21.0,0.736,1717.177,4-5,28,1,168,3.851,0.658
Welterweight,13,Ignacio Bahamondes,False,14,13.0,20.0,0.731,1681.841,4-2,11,2,14,4.375,1.071
Welterweight,14,Randy Brown,False,15,13.0,19.0,0.729,1704.474,3-3,22,1,168,4.432,1.023
Welterweight,15,Belal Muhammad,False,16,11.0,23.0,0.722,1778.346,1-3,21,6,112,3.8,-0.922
Women's Bantamweight,1,Ailin Perez,False,1,1.0,1.0,0.907,1706.797,6-0,8,4,0,2.751,0.735
Women's Bantamweight,2,Joselyne Edwards,False,2,2.0,3.0,0.859,1683.952,5-1,13,2,154,4.423,1.364
Women's Bantamweight,0,Kayla Harrison,True,3,2.0,3.0,0.832,1748.23,3-0,3,3,476,4.29,3.186
Women's Bantamweight,3,Norma Dumont,False,4,4.0,4.0,0.791,1671.276,3-2,13,2,0,4.387,1.493
Women's Bantamweight,4,Luana Santos,False,5,5.0,8.0,0.724,1649.749,5-1,7,2,98,1.798,-0.449
Women's Bantamweight,5,Bia Mesquita,False,6,5.0,11.0,0.709,1666.464,3-0,3,0,98,4.518,3.25
Women's Bantamweight,6,Jacqueline Cavalcanti,False,7,6.0,10.0,0.707,1653.547,4-1,6,1,133,4.68,1.627
Women's Bantamweight,7,Melissa Croden,False,8,6.0,10.0,0.707,1640.044,2-1,3,1,161,4.266,2.133
Women's Bantamweight,8,Yana Santos,False,9,5.0,10.0,0.702,1620.497,3-0,12,4,357,5.0,1.667
Women's Bantamweight,9,Karol Rosa,False,10,7.0,10.0,0.691,1609.36,2-3,13,3,98,5.52,1.053
Women's Bantamweight,10,Ketlen Vieira,False,11,10.0,12.0,0.621,1592.194,2-2,15,6,133,1.783,-1.417
Women's Bantamweight,11,Miesha Tate,False,12,11.0,14.0,0.602,1532.825,1-1,14,4,511,2.743,0.114
Women's Bantamweight,12,Macy Chiasson,False,13,13.0,15.1,0.571,1566.71,2-3,14,4,210,2.47,-0.537
Women's Bantamweight,13,Nora Cornolle,False,14,12.0,15.0,0.561,1580.785,3-3,7,2,21,2.644,0.532
Women's Bantamweight,14,Julianna Pena,False,15,13.0,17.0,0.541,1597.462,1-1,12,3,476,2.893,-0.601
Women's Bantamweight,15,Luana Carolina,False,16,13.0,17.0,0.521,1521.384,2-1,10,0,364,4.636,2.407
Women's Flyweight,1,Valentina Shevchenko,False,1,1.0,1.0,0.901,1839.746,3-0,19,10,315,2.107,0.493
Women's Flyweight,2,Zhang Weili,False,2,2.0,5.0,0.835,1843.306,2-1,13,6,315,2.547,1.267
Women's Flyweight,3,Alexa Grasso,False,3,2.0,4.0,0.822,1756.91,2-2,16,6,14,2.686,-0.555
Women's Flyweight,4,Jasmine Jasudavicius,False,4,3.0,6.0,0.797,1659.634,6-1,12,3,161,3.381,1.043
Women's Flyweight,5,Wang Cong,False,5,3.0,9.0,0.776,1725.821,5-1,6,1,77,6.843,4.023
Women's Flyweight,6,Natalia Silva,False,6,5.0,8.0,0.759,1784.911,4-0,8,3,245,4.517,2.067
Women's Flyweight,7,Rose Namajunas,False,7,4.0,9.0,0.757,1723.103,3-2,19,11,245,3.181,0.067
Women's Flyweight,8,Manon Fiorot,False,8,7.0,10.0,0.732,1787.197,2-2,10,3,14,4.997,0.71
Women's Flyweight,9,Erin Blanchfield,False,9,7.0,11.0,0.726,1810.354,2-1,9,5,315,4.888,-0.335
Women's Flyweight,10,Carli Judice,False,10,7.0,12.0,0.697,1704.411,4-1,5,0,35,8.702,3.994
Women's Flyweight,11,Miranda Maverick,False,11,10.0,14.0,0.674,1641.858,3-1,12,2,469,2.417,0.8
Women's Flyweight,12,Maycee Barber,False,12,10.0,15.0,0.672,1656.707,2-1,13,7,182,4.404,1.376
Women's Flyweight,13,Dione Barbosa,False,13,11.0,14.0,0.647,1610.367,4-2,6,0,70,2.241,-0.161
Women's Flyweight,14,Casey O'Neill,False,14,12.0,15.0,0.639,1641.829,3-1,9,1,7,5.027,0.862
Women's Flyweight,15,Jamey-Lyn Horth,False,15,13.0,16.0,0.611,1595.201,3-3,7,0,161,3.555,1.219
Women's Strawweight,1,Virna Jandiroba,False,1,1.0,2.0,0.897,1707.231,4-1,13,5,175,2.193,-0.464
Women's Strawweight,2,Fatima Kline,False,2,1.0,3.0,0.885,1762.5,4-1,5,2,70,4.877,2.416
Women's Strawweight,3,Gillian Robertson,False,3,2.0,5.0,0.853,1655.264,5-1,21,3,42,2.684,0.504
Women's Strawweight,4,Alexia Thainara,False,4,3.0,6.0,0.847,1727.768,4-0,4,1,49,4.219,1.555
Women's Strawweight,5,Denise Gomes,False,5,4.0,6.0,0.836,1701.269,5-1,9,3,28,4.039,0.796
Women's Strawweight,0,Mackenzie Dern,True,6,4.0,8.0,0.814,1693.718,4-2,17,6,42,3.411,0.184
Women's Strawweight,6,Tatiana Suarez,False,7,5.0,8.0,0.804,1693.583,2-1,10,6,168,0.927,-1.053
Women's Strawweight,7,Iasmin Lucindo,False,8,7.9,9.0,0.779,1676.42,3-1,7,2,413,3.15,0.633
Women's Strawweight,8,Piera Rodriguez,False,9,6.0,11.0,0.774,1647.859,3-1,7,1,196,4.637,1.352
Women's Strawweight,9,Tecia Pennington,False,10,9.0,12.0,0.742,1636.328,2-2,19,5,322,4.683,1.583
Women's Strawweight,10,Amanda Lemos,False,11,9.0,13.0,0.729,1639.168,2-4,16,3,49,2.075,0.425
Women's Strawweight,11,Jaqueline Amorim,False,12,10.0,14.0,0.705,1616.504,4-1,7,0,119,1.194,-1.097
Women's Strawweight,12,Yan Xiaonan,False,13,12.0,17.0,0.697,1660.333,1-3,14,3,28,2.625,0.117
Women's Strawweight,13,Loopy Godinez,False,14,13.0,16.0,0.679,1632.902,3-3,15,2,168,4.995,0.449
Women's Strawweight,14,Stephanie Luciano,False,15,12.0,17.0,0.664,1620.95,3-1,4,0,56,5.069,1.473
Women's Strawweight,15,Angela Hill,False,16,14.0,18.0,0.654,1603.986,4-3,30,2,119,5.484,0.393
