division,fighter,type,lab_position,median_external,external_range,boards,sources,lab_full_position,reason,abs_gap
Heavyweight,Tom Aspinall,"Consensus ranked, our board has #0",,1.0,1-2,5,"ESPN (Jun), Fight Matrix, Meta, Sherdog, UFC media",0.0,337 days since last bout,1.0
Women's Flyweight,Valentina Shevchenko,"Consensus ranked, our board has #0",,1.0,1-1,3,"ESPN (Jun), Fight Matrix, Sherdog",0.0,316 days since last bout,1.0
Women's Bantamweight,Raquel Pennington,"Consensus ranked, ours outside top 15",,9.5,4-15,2,"Meta, UFC media",,"Inactive: last UFC bout 2024-10-05 (721 days), outside the 540-day window",30.5
Light Heavyweight,Alex Pereira,"Consensus ranked, ours outside top 15",,1.0,1-3,5,"ESPN (Jun), Fight Matrix, Meta, Sherdog, UFC media",4.0,Model places this fighter in Heavyweight (division of most recent bout),3.0
Lightweight,King Green,"Our top 10, unranked on every board",9.0,,,0,,9.0,"rating 1693, last five 4-1",9.0
Middleweight,Robert Whittaker,"Our top 10, unranked on every board",5.0,,,0,,5.0,"rating 1723, last five 3-2",5.0
Featherweight,Steve Garcia,Ours higher,5.0,10.0,7-13,5,"ESPN (Jun), Fight Matrix, Meta, Sherdog, UFC media",5.0,no quality wins,5.0
Bantamweight,Marlon Vera,Ours lower,52.0,11.0,10-14,3,"Fight Matrix, Meta, UFC media",52.0,last five 1-4,41.0
Featherweight,Patricio Pitbull,Ours lower,46.0,11.5,9-14,2,"Fight Matrix, Fight Matrix, UFC media, UFC media",47.0,only 2 UFC bouts; no quality wins,35.5
Featherweight,Aaron Pico,Ours lower,45.0,11.0,10-14,3,"Fight Matrix, Meta, UFC media",45.0,only 2 UFC bouts; no quality wins,34.0
Women's Strawweight,Amanda Ribas,Ours lower,44.0,11.0,9-13,2,"ESPN (Jun), UFC media",44.0,428 days since last bout; last five 1-4,33.0
Featherweight,Brian Ortega,Ours lower,39.0,10.0,7-13,2,"Fight Matrix, UFC media",39.0,400 days since last bout; last five 1-4,29.0
Bantamweight,Deiveson Figueiredo,Ours lower,35.0,9.0,8-11,5,"ESPN (Jun), Fight Matrix, Meta, Sherdog, UFC media",35.0,last five 1-4,26.0
Flyweight,Lone'er Kavanagh,Ours lower,32.0,6.0,6-6,5,"ESPN (Jun), Fight Matrix, Meta, Sherdog, UFC media",32.0,"rating 1476, last five 3-2",26.0
Women's Strawweight,Amanda Lemos,Ours lower,35.0,9.0,5-15,5,"ESPN (Jun), Fight Matrix, Meta, Sherdog, UFC media",35.0,last five 1-4,26.0
Flyweight,Steve Erceg,Ours lower,30.0,10.5,9-12,2,"Fight Matrix, UFC media",30.0,last five 2-3,19.5
Light Heavyweight,Jan Błachowicz,Ours lower,28.0,9.0,9-9,2,"Fight Matrix, UFC media",28.0,last five 1-4,19.0
Middleweight,Israel Adesanya,Ours lower,26.0,9.0,8-11,4,"ESPN (Jun), Fight Matrix, Meta, UFC media",26.0,last five 1-4,17.0
Lightweight,Salahdine Parnasse,Ours lower,24.0,9.0,8-11,3,"Fight Matrix, Sherdog, UFC media",24.0,only 1 UFC bouts,15.0
Women's Strawweight,Angela Hill,Ours lower,27.0,13.5,13-14,2,"Fight Matrix, UFC media",27.0,last five 2-3,13.5
Featherweight,Melquizael Costa,Ours lower,25.0,12.0,12-12,2,"Meta, UFC media",25.0,no quality wins,13.0
Lightweight,Tom Nolan,Ours lower,25.0,12.5,11-14,2,"Meta, UFC media",25.0,no quality wins,12.5
Women's Strawweight,Yan Xiaonan,Ours lower,18.0,6.0,5-9,3,"Meta, Sherdog, UFC media",18.0,last five 2-3,12.0
Women's Strawweight,Tabatha Ricci,Ours lower,21.0,9.5,8-12,4,"ESPN (Jun), Fight Matrix, Meta, UFC media",21.0,last five 2-3,11.5
Heavyweight,Serghei Spivac,Ours lower,20.0,9.0,7-13,4,"ESPN (Jun), Fight Matrix, Meta, UFC media",20.0,last five 2-3,11.0
Middleweight,Abus Magomedov,Ours lower,23.0,12.5,12-13,2,"Meta, UFC media",23.0,no quality wins,10.5
Flyweight,Sumudaerji,Ours lower,22.0,12.0,11-13,2,"Meta, UFC media",22.0,no quality wins,10.0
Light Heavyweight,Jamahal Hill,Ours lower,17.0,7.0,5-9,3,"Meta, Sherdog, UFC media",17.0,463 days since last bout; last five 2-3,10.0
Women's Strawweight,Mizuki,Ours lower,22.0,12.5,10-15,2,"Meta, UFC media",22.0,no quality wins; 337 days since last bout,9.5
Bantamweight,Aiemann Zahabi,Ours lower,15.0,7.5,7-13,4,"ESPN (Jun), Fight Matrix, Meta, UFC media",15.0,"rating 1585, last five 4-1",7.5
Lightweight,Mauricio Ruffy,Ours lower,14.0,7.0,6-10,5,"ESPN (Jun), Fight Matrix, Meta, Sherdog, UFC media",14.0,"rating 1612, last five 3-2",7.0
Women's Bantamweight,Julianna Peña,Ours lower,8.0,1.0,1-5,4,"Fight Matrix, Meta, Sherdog, UFC media",8.0,477 days since last bout,7.0
Bantamweight,Farid Basharat,Ours lower,16.0,11.0,9-13,2,"Meta, UFC media",16.0,no quality wins,5.0
Light Heavyweight,Khalil Rountree Jr.,Ours lower,9.0,4.0,4-8,5,"ESPN (Jun), Fight Matrix, Meta, Sherdog, UFC media",9.0,358 days since last bout,5.0
Welterweight,Uroš Medić,Ours lower,16.0,11.0,9-12,3,"Fight Matrix, Meta, UFC media",16.0,no quality wins,5.0
Women's Bantamweight,Nora Cornolle,Ours lower,17.0,12.0,10-13,3,"ESPN (Jun), Meta, UFC media",17.0,no quality wins; last five 2-3,5.0
