source,division,board_size,shared_in_lab_top15,spearman
ESPN (Jun),Bantamweight,9,7,0.8333333333333333
ESPN (Jun),Featherweight,9,9,0.8499999999999999
ESPN (Jun),Flyweight,8,7,0.6666666666666669
ESPN (Jun),Heavyweight,8,6,0.7500000000000002
ESPN (Jun),Light Heavyweight,9,6,0.6666666666666669
ESPN (Jun),Lightweight,8,8,0.7619047619047621
ESPN (Jun),Middleweight,9,7,0.7857142857142858
ESPN (Jun),Welterweight,9,7,0.7833333333333333
ESPN (Jun),Women's Bantamweight,10,9,0.8787878787878788
ESPN (Jun),Women's Flyweight,9,8,0.7619047619047621
ESPN (Jun),Women's Strawweight,9,6,0.8333333333333333
Fight Matrix,Bantamweight,12,8,0.965034965034965
Fight Matrix,Featherweight,12,8,0.8511396590310907
Fight Matrix,Flyweight,12,10,0.4895104895104896
Fight Matrix,Heavyweight,9,8,0.7833333333333333
Fight Matrix,Light Heavyweight,13,9,0.5515151515151515
Fight Matrix,Lightweight,11,9,0.9363636363636365
Fight Matrix,Middleweight,11,9,0.9181818181818183
Fight Matrix,Welterweight,12,10,0.8671328671328673
Fight Matrix,Women's Bantamweight,12,12,0.44055944055944063
Fight Matrix,Women's Flyweight,10,9,0.9030303030303028
Fight Matrix,Women's Strawweight,14,10,0.8197802197802198
Meta,Bantamweight,15,10,0.8535714285714284
Meta,Featherweight,15,11,0.7964285714285713
Meta,Flyweight,15,10,0.6499999999999999
Meta,Heavyweight,15,12,0.8197802197802198
Meta,Light Heavyweight,15,12,0.6263736263736264
Meta,Lightweight,15,11,0.8607142857142854
Meta,Middleweight,15,13,0.8571428571428571
Meta,Welterweight,15,13,0.7749999999999999
Meta,Women's Bantamweight,15,12,0.7714285714285714
Meta,Women's Flyweight,15,12,0.8549450549450549
Meta,Women's Strawweight,15,11,0.8178571428571428
Sherdog,Bantamweight,8,7,1.0
Sherdog,Featherweight,8,8,0.7142857142857144
Sherdog,Flyweight,9,8,0.6
Sherdog,Heavyweight,6,6,0.7714285714285715
Sherdog,Light Heavyweight,9,7,0.5952380952380953
Sherdog,Lightweight,8,7,0.9285714285714287
Sherdog,Middleweight,8,8,0.7380952380952381
Sherdog,Welterweight,6,6,0.6571428571428573
Sherdog,Women's Bantamweight,9,9,0.33333333333333337
Sherdog,Women's Flyweight,7,7,0.7857142857142859
Sherdog,Women's Strawweight,9,7,0.7833333333333333
UFC media,Bantamweight,15,11,0.6535714285714285
UFC media,Featherweight,16,10,0.899190824744785
UFC media,Flyweight,15,11,0.6285714285714286
UFC media,Heavyweight,15,11,0.7538461538461538
UFC media,Light Heavyweight,15,10,0.5879120879120878
UFC media,Lightweight,15,10,0.8821428571428571
UFC media,Middleweight,15,12,0.825
UFC media,Welterweight,15,13,0.6428571428571428
UFC media,Women's Bantamweight,15,12,0.7626373626373627
UFC media,Women's Flyweight,15,11,0.914285714285714
UFC media,Women's Strawweight,15,9,0.7928571428571427
