k,k_new_mult,split_mult,layoff_regress_per_year,finish_mult,mov_weight,mov_scale,win_floor,finish_floor,n,log_loss,brier,accuracy
130,1.5,0.8,0.25,1.0,0.9,2.0,0.5,0.0,4116,0.6639,0.2358,0.5865
130,1.5,0.8,0.25,1.0,0.9,2.0,0.0,0.0,4116,0.664,0.2358,0.5867
130,1.5,0.8,0.0,1.0,0.9,2.0,0.5,0.0,4116,0.6643,0.236,0.5841
130,1.5,0.8,0.25,1.0,0.75,2.0,0.0,0.0,4116,0.6645,0.2361,0.5897
130,1.5,0.8,0.0,1.0,0.9,2.0,0.0,0.0,4116,0.6647,0.2362,0.5867
130,1.5,0.8,0.25,1.0,0.75,2.0,0.5,0.0,4116,0.6647,0.2362,0.5897
100,2.0,0.8,0.25,1.0,0.9,2.0,0.0,0.0,4116,0.6647,0.2362,0.5879
100,2.0,0.8,0.25,1.0,0.9,2.0,0.5,0.0,4116,0.6648,0.2362,0.5858
130,2.0,0.8,0.25,1.0,0.9,2.0,0.5,0.0,4116,0.6648,0.2362,0.5858
130,2.0,0.8,0.25,1.0,0.9,3.0,0.0,0.0,4116,0.6651,0.2364,0.585
130,2.0,0.8,0.25,1.0,0.9,2.0,0.0,0.0,4116,0.6652,0.2364,0.586
130,1.5,0.8,0.0,1.0,0.75,2.0,0.0,0.0,4116,0.6652,0.2365,0.5867
130,2.0,0.8,0.25,1.0,0.9,3.0,0.5,0.0,4116,0.6653,0.2365,0.5828
100,2.0,0.8,0.25,1.0,0.75,2.0,0.0,0.0,4116,0.6653,0.2365,0.5894
130,1.5,0.8,0.0,1.0,0.75,2.0,0.5,0.0,4116,0.6654,0.2365,0.5879
130,1.5,0.8,0.25,1.0,0.9,3.0,0.0,0.0,4116,0.6655,0.2365,0.5875
130,1.5,0.8,0.25,1.0,0.75,3.0,0.0,0.0,4116,0.6655,0.2365,0.5884
100,2.0,0.8,0.25,1.0,0.75,2.0,0.5,0.0,4116,0.6656,0.2366,0.5887
100,1.5,0.8,0.25,1.0,0.9,2.0,0.0,0.0,4116,0.6656,0.2366,0.586
130,1.5,0.8,0.25,1.0,0.9,2.0,0.0,0.75,4116,0.6657,0.2366,0.5807
100,2.0,0.8,0.0,1.0,0.9,2.0,0.5,0.0,4116,0.6657,0.2367,0.5802
130,2.0,0.8,0.0,1.0,0.9,3.0,0.0,0.0,4116,0.6657,0.2367,0.5782
100,1.5,0.8,0.25,1.0,0.9,2.0,0.5,0.0,4116,0.6658,0.2367,0.5858
130,1.5,0.8,0.25,1.0,0.75,3.0,0.5,0.0,4116,0.6658,0.2367,0.5877
130,2.0,0.8,0.0,1.0,0.9,2.0,0.5,0.0,4116,0.6658,0.2367,0.5809
130,1.5,0.8,0.25,1.0,0.9,3.0,0.5,0.0,4116,0.6658,0.2367,0.585
130,2.0,0.8,0.25,1.0,0.75,3.0,0.0,0.0,4116,0.6658,0.2367,0.5838
130,2.0,0.8,0.0,1.0,0.9,3.0,0.5,0.0,4116,0.6658,0.2367,0.579
130,1.5,0.8,0.0,1.0,0.9,3.0,0.0,0.0,4116,0.6658,0.2367,0.5811
100,2.0,0.8,0.0,1.0,0.9,2.0,0.0,0.0,4116,0.6659,0.2367,0.5858
130,1.5,0.8,0.0,1.0,0.75,3.0,0.0,0.0,4116,0.6659,0.2368,0.5836
130,1.5,0.8,0.0,1.0,0.9,3.0,0.5,0.0,4116,0.6659,0.2368,0.5828
100,1.5,0.8,0.25,1.0,0.75,2.0,0.0,0.0,4116,0.6659,0.2367,0.5892
80,2.0,0.8,0.25,1.0,0.9,2.0,0.0,0.0,4116,0.666,0.2368,0.5833
130,2.0,0.8,0.25,1.0,0.75,3.0,0.5,0.0,4116,0.6661,0.2368,0.5853
130,1.5,0.8,0.0,1.0,0.75,3.0,0.5,0.0,4116,0.6661,0.2369,0.5828
100,2.0,0.8,0.25,1.0,0.9,3.0,0.0,0.0,4116,0.6661,0.2368,0.585
130,1.5,0.8,0.25,1.0,0.75,2.0,0.0,0.75,4116,0.6662,0.2369,0.5841
130,1.5,0.8,0.25,1.0,0.9,2.0,0.5,0.75,4116,0.6662,0.2369,0.5819
130,1.5,0.8,0.0,1.0,0.9,2.0,0.0,0.75,4116,0.6662,0.2369,0.5802
100,1.5,0.8,0.25,1.0,0.75,2.0,0.5,0.0,4116,0.6662,0.2369,0.587
100,2.0,0.8,0.25,1.0,0.75,3.0,0.0,0.0,4116,0.6663,0.2369,0.5897
100,1.5,0.8,0.0,1.0,0.9,2.0,0.5,0.0,4116,0.6663,0.2369,0.5843
100,1.5,0.8,0.0,1.0,0.9,2.0,0.0,0.0,4116,0.6663,0.2369,0.5862
80,2.0,0.8,0.25,1.0,0.9,2.0,0.5,0.0,4116,0.6663,0.2369,0.5828
130,2.0,0.8,0.25,1.0,0.75,2.0,0.0,0.0,4116,0.6663,0.2368,0.5894
80,2.0,0.8,0.25,1.0,0.75,2.0,0.0,0.0,4116,0.6664,0.237,0.5865
100,2.0,0.8,0.0,1.0,0.75,2.0,0.0,0.0,4116,0.6665,0.2371,0.5836
130,2.0,0.8,0.0,1.0,0.9,2.0,0.0,0.0,4116,0.6665,0.237,0.5843
130,2.0,0.8,0.25,1.0,0.75,2.0,0.5,0.0,4116,0.6665,0.2369,0.5914
100,2.0,0.8,0.25,1.0,0.9,2.0,0.0,0.75,4116,0.6665,0.237,0.5828
100,1.5,0.8,0.0,1.0,0.75,2.0,0.0,0.0,4116,0.6666,0.2371,0.5872
100,2.0,0.8,0.25,1.0,0.9,3.0,0.5,0.0,4116,0.6666,0.237,0.5821
130,1.5,0.8,0.25,1.0,0.75,2.0,0.5,0.75,4116,0.6666,0.237,0.5826
100,2.0,0.8,0.25,1.0,0.75,3.0,0.5,0.0,4116,0.6666,0.2371,0.5879
130,2.0,0.8,0.0,1.0,0.75,3.0,0.0,0.0,4116,0.6667,0.2371,0.5797
130,1.5,0.8,0.0,1.0,0.9,2.0,0.5,0.75,4116,0.6667,0.2371,0.5799
100,2.0,0.8,0.0,1.0,0.75,2.0,0.5,0.0,4116,0.6667,0.2372,0.5845
100,2.0,0.8,0.0,1.0,0.9,3.0,0.0,0.0,4116,0.6668,0.2372,0.5797
80,2.0,0.8,0.25,1.0,0.75,2.0,0.5,0.0,4116,0.6668,0.2371,0.5858
100,1.5,0.8,0.0,1.0,0.75,2.0,0.5,0.0,4116,0.6668,0.2372,0.586
130,1.5,0.8,0.0,1.0,0.75,2.0,0.0,0.75,4116,0.6669,0.2372,0.5828
80,2.0,0.8,0.0,1.0,0.9,2.0,0.0,0.0,4116,0.667,0.2373,0.5845
100,2.0,0.8,0.0,1.0,0.75,3.0,0.0,0.0,4116,0.667,0.2373,0.5809
130,2.0,0.8,0.0,1.0,0.75,3.0,0.5,0.0,4116,0.667,0.2373,0.5816
80,2.0,0.8,0.0,1.0,0.9,2.0,0.5,0.0,4116,0.6671,0.2373,0.5816
100,2.0,0.8,0.25,1.0,0.9,2.0,0.5,0.75,4116,0.6671,0.2373,0.5841
100,2.0,0.8,0.0,1.0,0.9,3.0,0.5,0.0,4116,0.6671,0.2373,0.5792
100,1.5,0.8,0.25,1.0,0.9,2.0,0.0,0.75,4116,0.6672,0.2373,0.5838
130,2.0,0.8,0.25,1.0,0.9,2.0,0.0,0.75,4116,0.6672,0.2373,0.5828
100,2.0,0.8,0.25,1.0,0.75,2.0,0.0,0.75,4116,0.6672,0.2373,0.586
130,1.5,0.8,0.0,1.0,0.75,2.0,0.5,0.75,4116,0.6672,0.2374,0.5828
100,2.0,0.8,0.0,1.0,0.75,3.0,0.5,0.0,4116,0.6673,0.2375,0.5816
100,1.5,0.8,0.25,1.0,0.75,2.0,0.0,0.75,4116,0.6674,0.2375,0.585
80,2.0,0.8,0.0,1.0,0.75,2.0,0.0,0.0,4116,0.6675,0.2375,0.5843
100,2.0,0.8,0.25,1.0,0.75,2.0,0.5,0.75,4116,0.6675,0.2375,0.585
100,2.0,0.8,0.0,1.0,0.9,2.0,0.0,0.75,4116,0.6675,0.2375,0.5814
100,1.5,0.8,0.25,1.0,0.75,3.0,0.0,0.0,4116,0.6676,0.2375,0.5879
80,2.0,0.8,0.0,1.0,0.75,2.0,0.5,0.0,4116,0.6677,0.2376,0.5826
80,2.0,0.8,0.25,1.0,0.9,2.0,0.0,0.75,4116,0.6677,0.2376,0.5816
100,1.5,0.8,0.25,1.0,0.75,2.0,0.5,0.75,4116,0.6677,0.2376,0.5836
100,1.5,0.8,0.25,1.0,0.9,2.0,0.5,0.75,4116,0.6677,0.2376,0.5807
100,1.5,0.8,0.0,1.0,0.9,2.0,0.0,0.75,4116,0.6677,0.2376,0.5821
130,1.5,0.8,0.25,1.0,0.75,3.0,0.0,0.75,4116,0.6677,0.2376,0.5799
130,2.0,0.8,0.0,1.0,0.75,2.0,0.0,0.0,4116,0.6677,0.2375,0.586
130,2.0,0.8,0.25,1.0,0.9,2.0,0.5,0.75,4116,0.6678,0.2375,0.5807
130,2.0,0.8,0.0,1.0,0.75,2.0,0.5,0.0,4116,0.6678,0.2376,0.5872
100,1.5,0.8,0.25,1.0,0.9,3.0,0.0,0.0,4116,0.6679,0.2376,0.585
80,1.5,0.8,0.25,1.0,0.9,2.0,0.0,0.0,4116,0.6679,0.2376,0.5855
100,1.5,0.8,0.25,1.0,0.75,3.0,0.5,0.0,4116,0.6679,0.2377,0.5879
130,1.5,0.8,0.25,1.0,0.75,3.0,0.5,0.75,4116,0.6679,0.2377,0.5792
100,1.5,0.8,0.0,1.0,0.75,2.0,0.0,0.75,4116,0.668,0.2378,0.5836
100,2.0,0.8,0.0,1.0,0.9,2.0,0.5,0.75,4116,0.668,0.2378,0.5797
80,2.0,0.8,0.25,1.0,0.75,2.0,0.0,0.75,4116,0.668,0.2378,0.5819
100,1.5,0.8,0.0,1.0,0.75,3.0,0.0,0.0,4116,0.668,0.2377,0.5836
130,1.5,0.8,0.25,1.0,0.9,3.0,0.0,0.75,4116,0.668,0.2377,0.5797
80,2.0,0.8,0.25,1.0,0.75,3.0,0.0,0.0,4116,0.668,0.2377,0.5833
80,2.0,0.8,0.25,1.0,0.9,3.0,0.0,0.0,4116,0.6681,0.2378,0.5833
80,1.5,0.8,0.25,1.0,0.75,2.0,0.0,0.0,4116,0.6681,0.2377,0.586
130,1.5,0.8,0.0,1.0,0.75,3.0,0.0,0.75,4116,0.6681,0.2378,0.5787
130,1.5,0.8,0.0,1.0,0.9,3.0,0.0,0.75,4116,0.6682,0.2379,0.576
80,1.5,0.8,0.25,1.0,0.9,2.0,0.5,0.0,4116,0.6682,0.2378,0.5855
100,1.5,0.8,0.0,1.0,0.9,2.0,0.5,0.75,4116,0.6682,0.2379,0.5792
100,1.5,0.8,0.0,1.0,0.9,3.0,0.0,0.0,4116,0.6682,0.2378,0.5816
80,2.0,0.8,0.25,1.0,0.75,3.0,0.5,0.0,4116,0.6683,0.2379,0.5855
130,1.5,0.8,0.0,1.0,0.75,3.0,0.5,0.75,4116,0.6683,0.2379,0.5782
100,1.5,0.8,0.0,1.0,0.75,2.0,0.5,0.75,4116,0.6683,0.2379,0.5814
100,1.5,0.8,0.25,1.0,0.9,3.0,0.5,0.0,4116,0.6683,0.2378,0.5838
100,1.5,0.8,0.0,1.0,0.75,3.0,0.5,0.0,4116,0.6683,0.2379,0.5831
100,2.0,0.8,0.0,1.0,0.75,2.0,0.0,0.75,4116,0.6683,0.2379,0.5787
80,2.0,0.8,0.25,1.0,0.75,2.0,0.5,0.75,4116,0.6683,0.2379,0.5807
80,2.0,0.8,0.25,1.0,0.9,2.0,0.5,0.75,4116,0.6683,0.2379,0.5802
80,1.5,0.8,0.25,1.0,0.75,2.0,0.5,0.0,4116,0.6684,0.2379,0.5882
130,2.0,0.8,0.0,1.0,0.9,2.0,0.0,0.75,4116,0.6684,0.2378,0.5819
130,1.5,0.8,0.25,1.0,0.9,3.0,0.5,0.75,4116,0.6684,0.2379,0.5792
130,2.0,0.8,0.25,1.0,0.9,3.0,0.0,0.75,4116,0.6684,0.2379,0.5797
100,2.0,0.8,0.25,1.0,0.75,3.0,0.0,0.75,4116,0.6685,0.238,0.5809
100,1.5,0.8,0.0,1.0,0.9,3.0,0.5,0.0,4116,0.6685,0.238,0.578
130,2.0,0.8,0.25,1.0,0.75,2.0,0.0,0.75,4116,0.6685,0.2379,0.5831
80,1.5,0.8,0.0,1.0,0.9,2.0,0.0,0.0,4116,0.6685,0.2379,0.5814
80,2.0,0.8,0.25,1.0,0.9,3.0,0.5,0.0,4116,0.6686,0.238,0.5819
80,2.0,0.8,0.0,1.0,0.9,2.0,0.0,0.75,4116,0.6686,0.238,0.5794
100,2.0,0.8,0.0,1.0,0.75,2.0,0.5,0.75,4116,0.6686,0.2381,0.5782
80,1.5,0.8,0.0,1.0,0.75,2.0,0.0,0.0,4116,0.6687,0.2381,0.585
80,1.5,0.8,0.0,1.0,0.9,2.0,0.5,0.0,4116,0.6687,0.238,0.5797
80,2.0,0.8,0.0,1.0,0.75,3.0,0.0,0.0,4116,0.6687,0.2381,0.5799
100,2.0,0.8,0.25,1.0,0.9,3.0,0.0,0.75,4116,0.6687,0.2381,0.5819
130,1.5,0.8,0.0,1.0,0.9,3.0,0.5,0.75,4116,0.6687,0.2381,0.5741
130,2.0,0.8,0.25,1.0,0.75,3.0,0.0,0.75,4116,0.6687,0.2381,0.5794
60,2.0,0.8,0.25,1.0,0.9,2.0,0.0,0.0,4116,0.6688,0.2381,0.5845
100,2.0,0.8,0.25,1.0,0.75,3.0,0.5,0.75,4116,0.6688,0.2381,0.5804
80,2.0,0.8,0.0,1.0,0.9,3.0,0.0,0.0,4116,0.6688,0.2381,0.5765
80,1.5,0.8,0.0,1.0,0.75,2.0,0.5,0.0,4116,0.6689,0.2382,0.585
100,1.5,0.8,0.25,1.0,0.5,2.0,0.0,0.0,4116,0.6689,0.2382,0.5811
130,2.0,0.8,0.0,1.0,0.9,2.0,0.5,0.75,4116,0.6689,0.2381,0.5797
130,2.0,0.8,0.25,1.0,0.75,2.0,0.5,0.75,4116,0.6689,0.238,0.5828
100,1.5,0.8,0.25,1.0,0.5,2.0,0.5,0.0,4116,0.6689,0.2382,0.5811
130,2.0,0.8,0.25,1.0,0.9,3.0,0.5,0.75,4116,0.6689,0.2382,0.5777
80,2.0,0.8,0.0,1.0,0.75,3.0,0.5,0.0,4116,0.669,0.2382,0.5804
130,1.5,0.8,0.25,1.0,0.5,2.0,0.5,0.0,4116,0.669,0.2382,0.5831
130,1.5,0.8,0.25,1.0,0.5,2.0,0.0,0.0,4116,0.669,0.2382,0.5831
80,2.0,0.8,0.0,1.0,0.75,2.0,0.0,0.75,4116,0.669,0.2383,0.5799
130,2.0,0.8,0.25,1.0,0.75,3.0,0.5,0.75,4116,0.669,0.2382,0.579
130,2.0,0.8,0.0,1.0,0.9,3.0,0.0,0.75,4116,0.6691,0.2383,0.5802
60,2.0,0.8,0.25,1.0,0.75,2.0,0.0,0.0,4116,0.6691,0.2382,0.5833
80,2.0,0.8,0.0,1.0,0.9,2.0,0.5,0.75,4116,0.6691,0.2383,0.5792
100,2.0,0.8,0.25,1.0,0.9,3.0,0.5,0.75,4116,0.6692,0.2383,0.5792
80,2.0,0.8,0.0,1.0,0.9,3.0,0.5,0.0,4116,0.6692,0.2383,0.5758
100,2.0,0.8,0.0,1.0,0.75,3.0,0.0,0.75,4116,0.6693,0.2384,0.5739
60,2.0,0.8,0.25,1.0,0.9,2.0,0.5,0.0,4116,0.6693,0.2383,0.5843
80,2.0,0.8,0.0,1.0,0.75,2.0,0.5,0.75,4116,0.6693,0.2384,0.5775
100,1.5,0.8,0.25,1.0,0.75,3.0,0.0,0.75,4116,0.6694,0.2384,0.578
130,1.5,0.8,0.25,1.0,0.5,3.0,0.0,0.0,4116,0.6694,0.2384,0.5816
130,1.5,0.8,0.25,1.0,0.5,3.0,0.5,0.0,4116,0.6694,0.2384,0.5816
100,2.0,0.8,0.0,1.0,0.9,3.0,0.0,0.75,4116,0.6694,0.2384,0.5768
80,1.5,0.8,0.25,1.0,0.9,2.0,0.0,0.75,4116,0.6694,0.2384,0.5833
80,1.5,0.8,0.25,1.0,0.75,2.0,0.0,0.75,4116,0.6694,0.2384,0.5841
60,2.0,0.8,0.25,1.0,0.75,2.0,0.5,0.0,4116,0.6694,0.2384,0.5865
100,1.5,0.8,0.25,1.0,0.5,2.0,0.0,0.75,4116,0.6695,0.2385,0.5785
100,1.5,0.8,0.25,1.0,0.5,2.0,0.5,0.75,4116,0.6695,0.2385,0.5785
100,1.5,0.8,0.25,1.0,0.75,3.0,0.5,0.75,4116,0.6696,0.2385,0.5785
100,2.0,0.8,0.0,1.0,0.75,3.0,0.5,0.75,4116,0.6696,0.2385,0.5736
130,2.0,0.8,0.0,1.0,0.9,3.0,0.5,0.75,4116,0.6696,0.2385,0.5792
130,2.0,0.8,0.0,1.0,0.75,3.0,0.0,0.75,4116,0.6696,0.2385,0.5753
80,1.5,0.8,0.25,1.0,0.75,2.0,0.5,0.75,4116,0.6697,0.2385,0.5836
60,2.0,0.8,0.0,1.0,0.9,2.0,0.0,0.0,4116,0.6697,0.2385,0.5816
80,2.0,0.8,0.25,1.0,0.5,2.0,0.0,0.0,4116,0.6697,0.2386,0.5826
80,2.0,0.8,0.25,1.0,0.5,2.0,0.5,0.0,4116,0.6697,0.2386,0.5826
130,1.5,0.8,0.25,1.0,0.5,2.0,0.5,0.75,4116,0.6697,0.2385,0.5785
130,1.5,0.8,0.25,1.0,0.5,2.0,0.0,0.75,4116,0.6697,0.2385,0.5785
100,1.5,0.8,0.0,1.0,0.5,2.0,0.0,0.0,4116,0.6698,0.2387,0.5782
100,1.5,0.8,0.0,1.0,0.5,2.0,0.5,0.0,4116,0.6698,0.2387,0.5782
100,1.5,0.8,0.0,1.0,0.75,3.0,0.0,0.75,4116,0.6698,0.2386,0.577
130,2.0,0.8,0.0,1.0,0.75,2.0,0.0,0.75,4116,0.6699,0.2385,0.5799
100,1.5,0.8,0.25,1.0,0.9,3.0,0.0,0.75,4116,0.6699,0.2386,0.577
100,2.0,0.8,0.0,1.0,0.9,3.0,0.5,0.75,4116,0.6699,0.2386,0.576
100,1.5,0.8,0.25,1.0,0.5,3.0,0.0,0.0,4116,0.6699,0.2387,0.5775
100,1.5,0.8,0.25,1.0,0.5,3.0,0.5,0.0,4116,0.6699,0.2387,0.5775
80,2.0,0.8,0.25,1.0,0.75,3.0,0.0,0.75,4116,0.6699,0.2386,0.5773
80,1.5,0.8,0.25,1.0,0.9,2.0,0.5,0.75,4116,0.6699,0.2386,0.5819
80,1.5,0.8,0.0,1.0,0.9,2.0,0.0,0.75,4116,0.6699,0.2386,0.5782
130,2.0,0.8,0.0,1.0,0.75,3.0,0.5,0.75,4116,0.6699,0.2386,0.5748
80,1.5,0.8,0.0,1.0,0.75,2.0,0.0,0.75,4116,0.67,0.2387,0.579
60,2.0,0.8,0.0,1.0,0.75,2.0,0.0,0.0,4116,0.67,0.2387,0.5814
100,2.0,0.8,0.25,1.0,0.5,2.0,0.5,0.0,4116,0.67,0.2387,0.585
100,1.5,0.8,0.0,1.0,0.75,3.0,0.5,0.75,4116,0.67,0.2387,0.5773
100,2.0,0.8,0.25,1.0,0.5,2.0,0.0,0.0,4116,0.67,0.2387,0.585
130,1.5,0.8,0.0,1.0,0.5,2.0,0.5,0.0,4116,0.6701,0.2388,0.5814
80,1.5,0.8,0.25,1.0,0.75,3.0,0.0,0.0,4116,0.6701,0.2387,0.5858
60,2.0,0.8,0.0,1.0,0.9,2.0,0.5,0.0,4116,0.6701,0.2387,0.5785
130,1.5,0.8,0.25,1.0,0.5,3.0,0.0,0.75,4116,0.6701,0.2387,0.5799
130,1.5,0.8,0.0,1.0,0.5,2.0,0.0,0.0,4116,0.6701,0.2388,0.5814
80,2.0,0.8,0.25,1.0,0.75,3.0,0.5,0.75,4116,0.6701,0.2388,0.5777
130,1.5,0.8,0.25,1.0,0.5,3.0,0.5,0.75,4116,0.6701,0.2387,0.5799
130,2.0,0.8,0.0,1.0,0.75,2.0,0.5,0.75,4116,0.6702,0.2387,0.5807
130,1.5,0.8,0.0,1.0,0.5,3.0,0.5,0.0,4116,0.6702,0.2389,0.5751
130,1.5,0.8,0.0,1.0,0.5,3.0,0.0,0.0,4116,0.6702,0.2389,0.5751
80,1.5,0.8,0.25,1.0,0.5,2.0,0.0,0.0,4116,0.6702,0.2388,0.5841
80,1.5,0.8,0.0,1.0,0.75,2.0,0.5,0.75,4116,0.6702,0.2388,0.5787
80,1.5,0.8,0.25,1.0,0.5,2.0,0.5,0.0,4116,0.6702,0.2388,0.5841
100,1.5,0.8,0.0,1.0,0.9,3.0,0.0,0.75,4116,0.6702,0.2388,0.5746
80,2.0,0.8,0.25,1.0,0.5,2.0,0.0,0.75,4116,0.6703,0.2389,0.5807
80,2.0,0.8,0.25,1.0,0.5,2.0,0.5,0.75,4116,0.6703,0.2389,0.5807
80,2.0,0.8,0.25,1.0,0.9,3.0,0.0,0.75,4116,0.6703,0.2388,0.5753
100,1.5,0.8,0.0,1.0,0.5,2.0,0.5,0.75,4116,0.6703,0.2389,0.5758
100,1.5,0.8,0.0,1.0,0.5,2.0,0.0,0.75,4116,0.6703,0.2389,0.5758
80,1.5,0.8,0.25,1.0,0.75,3.0,0.5,0.0,4116,0.6703,0.2388,0.5865
80,1.5,0.8,0.0,1.0,0.9,2.0,0.5,0.75,4116,0.6703,0.2389,0.5785
60,2.0,0.8,0.0,1.0,0.75,2.0,0.5,0.0,4116,0.6703,0.2388,0.5824
60,2.0,0.8,0.25,1.0,0.9,2.0,0.0,0.75,4116,0.6704,0.2389,0.5782
100,2.0,0.8,0.25,1.0,0.5,3.0,0.0,0.0,4116,0.6704,0.2389,0.5816
80,1.5,0.8,0.25,1.0,0.9,3.0,0.0,0.0,4116,0.6704,0.2388,0.5884
100,1.5,0.8,0.25,1.0,0.5,3.0,0.5,0.75,4116,0.6704,0.2389,0.5799
100,1.5,0.8,0.25,1.0,0.5,3.0,0.0,0.75,4116,0.6704,0.2389,0.5799
100,1.5,0.8,0.25,1.0,0.9,3.0,0.5,0.75,4116,0.6704,0.2388,0.5768
100,2.0,0.8,0.25,1.0,0.5,3.0,0.5,0.0,4116,0.6704,0.2389,0.5816
80,1.5,0.8,0.0,1.0,0.75,3.0,0.0,0.0,4116,0.6705,0.2389,0.5802
60,2.0,0.8,0.25,1.0,0.75,2.0,0.0,0.75,4116,0.6705,0.2389,0.5811
80,2.0,0.8,0.25,1.0,0.5,3.0,0.5,0.0,4116,0.6706,0.239,0.5802
80,2.0,0.8,0.25,1.0,0.5,3.0,0.0,0.0,4116,0.6706,0.239,0.5802
80,2.0,0.8,0.0,1.0,0.75,3.0,0.0,0.75,4116,0.6706,0.239,0.5768
100,1.5,0.8,0.0,1.0,0.5,3.0,0.0,0.0,4116,0.6706,0.239,0.576
100,1.5,0.8,0.0,1.0,0.5,3.0,0.5,0.0,4116,0.6706,0.239,0.576
80,1.5,0.8,0.25,1.0,0.5,2.0,0.5,0.75,4116,0.6707,0.239,0.5814
60,2.0,0.8,0.25,1.0,0.75,2.0,0.5,0.75,4116,0.6707,0.239,0.5802
80,1.5,0.8,0.25,1.0,0.5,2.0,0.0,0.75,4116,0.6707,0.239,0.5814
100,1.5,0.8,0.0,1.0,0.9,3.0,0.5,0.75,4116,0.6707,0.239,0.5743
80,1.5,0.8,0.0,1.0,0.75,3.0,0.5,0.0,4116,0.6707,0.239,0.5804
100,2.0,0.8,0.25,1.0,0.5,2.0,0.0,0.75,4116,0.6708,0.239,0.5811
100,2.0,0.8,0.25,1.0,0.5,2.0,0.5,0.75,4116,0.6708,0.239,0.5811
80,2.0,0.8,0.25,1.0,0.9,3.0,0.5,0.75,4116,0.6708,0.239,0.5746
80,2.0,0.8,0.0,1.0,0.75,3.0,0.5,0.75,4116,0.6708,0.2391,0.5748
130,1.5,0.8,0.0,1.0,0.5,2.0,0.0,0.75,4116,0.6708,0.2391,0.5773
130,1.5,0.8,0.0,1.0,0.5,2.0,0.5,0.75,4116,0.6708,0.2391,0.5773
80,1.5,0.8,0.0,1.0,0.9,3.0,0.0,0.0,4116,0.6708,0.239,0.5811
80,1.5,0.8,0.25,1.0,0.9,3.0,0.5,0.0,4116,0.6709,0.239,0.5843
60,2.0,0.8,0.25,1.0,0.9,2.0,0.5,0.75,4116,0.6709,0.2391,0.5775
80,2.0,0.8,0.0,1.0,0.9,3.0,0.0,0.75,4116,0.6709,0.2391,0.5724
130,1.5,0.8,0.0,1.0,0.5,3.0,0.5,0.75,4116,0.6709,0.2391,0.5741
130,1.5,0.8,0.0,1.0,0.5,3.0,0.0,0.75,4116,0.6709,0.2391,0.5741
80,1.5,0.8,0.0,1.0,0.5,2.0,0.5,0.0,4116,0.671,0.2392,0.5797
80,1.5,0.8,0.0,1.0,0.5,2.0,0.0,0.0,4116,0.671,0.2392,0.5797
80,2.0,0.8,0.0,1.0,0.5,2.0,0.5,0.0,4116,0.671,0.2392,0.5807
80,2.0,0.8,0.0,1.0,0.5,2.0,0.0,0.0,4116,0.671,0.2392,0.5807
60,2.0,0.8,0.25,1.0,0.75,3.0,0.0,0.0,4116,0.671,0.2391,0.5816
80,2.0,0.8,0.25,1.0,0.5,3.0,0.5,0.75,4116,0.6711,0.2393,0.5785
100,2.0,0.8,0.25,1.0,0.5,3.0,0.0,0.75,4116,0.6711,0.2392,0.5802
100,1.5,0.8,0.0,1.0,0.5,3.0,0.5,0.75,4116,0.6711,0.2393,0.5756
100,1.5,0.8,0.0,1.0,0.5,3.0,0.0,0.75,4116,0.6711,0.2393,0.5756
100,2.0,0.8,0.25,1.0,0.5,3.0,0.5,0.75,4116,0.6711,0.2392,0.5802
80,2.0,0.8,0.25,1.0,0.5,3.0,0.0,0.75,4116,0.6711,0.2393,0.5785
60,2.0,0.8,0.25,1.0,0.5,2.0,0.0,0.0,4116,0.6712,0.2393,0.5853
60,2.0,0.8,0.0,1.0,0.9,2.0,0.0,0.75,4116,0.6712,0.2393,0.5753
60,1.5,0.8,0.25,1.0,0.9,2.0,0.0,0.0,4116,0.6712,0.2392,0.5882
60,2.0,0.8,0.25,1.0,0.5,2.0,0.5,0.0,4116,0.6712,0.2393,0.5853
80,1.5,0.8,0.0,1.0,0.9,3.0,0.5,0.0,4116,0.6712,0.2392,0.5775
60,2.0,0.8,0.25,1.0,0.9,3.0,0.0,0.0,4116,0.6713,0.2393,0.5855
60,2.0,0.8,0.0,1.0,0.75,2.0,0.0,0.75,4116,0.6713,0.2393,0.5787
60,2.0,0.8,0.25,1.0,0.75,3.0,0.5,0.0,4116,0.6713,0.2393,0.5814
80,1.5,0.8,0.0,1.0,0.5,2.0,0.5,0.75,4116,0.6714,0.2394,0.576
80,2.0,0.8,0.0,1.0,0.9,3.0,0.5,0.75,4116,0.6714,0.2394,0.5707
80,1.5,0.8,0.0,1.0,0.5,2.0,0.0,0.75,4116,0.6714,0.2394,0.576
80,1.5,0.8,0.25,1.0,0.5,3.0,0.0,0.0,4116,0.6714,0.2394,0.579
60,1.5,0.8,0.25,1.0,0.75,2.0,0.0,0.0,4116,0.6714,0.2393,0.5858
80,1.5,0.8,0.25,1.0,0.5,3.0,0.5,0.0,4116,0.6714,0.2394,0.579
100,2.0,0.8,0.0,1.0,0.5,3.0,0.0,0.0,4116,0.6716,0.2395,0.5777
100,2.0,0.8,0.0,1.0,0.5,2.0,0.0,0.0,4116,0.6716,0.2394,0.579
60,2.0,0.8,0.0,1.0,0.75,2.0,0.5,0.75,4116,0.6716,0.2395,0.5773
80,2.0,0.8,0.0,1.0,0.5,2.0,0.5,0.75,4116,0.6716,0.2395,0.5753
80,1.5,0.8,0.25,1.0,0.75,3.0,0.0,0.75,4116,0.6716,0.2394,0.5777
80,2.0,0.8,0.0,1.0,0.5,3.0,0.5,0.0,4116,0.6716,0.2395,0.5765
80,2.0,0.8,0.0,1.0,0.5,2.0,0.0,0.75,4116,0.6716,0.2395,0.5753
80,2.0,0.8,0.0,1.0,0.5,3.0,0.0,0.0,4116,0.6716,0.2395,0.5765
60,2.0,0.8,0.0,1.0,0.9,2.0,0.5,0.75,4116,0.6716,0.2395,0.576
100,2.0,0.8,0.0,1.0,0.5,2.0,0.5,0.0,4116,0.6716,0.2394,0.579
100,2.0,0.8,0.0,1.0,0.5,3.0,0.5,0.0,4116,0.6716,0.2395,0.5777
60,2.0,0.8,0.25,1.0,0.5,2.0,0.0,0.75,4116,0.6717,0.2395,0.5826
60,2.0,0.8,0.0,1.0,0.75,3.0,0.0,0.0,4116,0.6717,0.2395,0.5765
60,1.5,0.8,0.25,1.0,0.9,2.0,0.5,0.0,4116,0.6717,0.2395,0.5833
60,1.5,0.8,0.25,1.0,0.75,2.0,0.5,0.0,4116,0.6717,0.2395,0.5877
60,2.0,0.8,0.25,1.0,0.5,2.0,0.5,0.75,4116,0.6717,0.2395,0.5826
80,1.5,0.8,0.25,1.0,0.75,3.0,0.5,0.75,4116,0.6718,0.2395,0.578
60,1.5,0.8,0.0,1.0,0.9,2.0,0.0,0.0,4116,0.6718,0.2395,0.5828
80,1.5,0.8,0.25,1.0,0.5,3.0,0.0,0.75,4116,0.6719,0.2396,0.5785
60,2.0,0.8,0.25,1.0,0.9,3.0,0.5,0.0,4116,0.6719,0.2395,0.5807
80,1.5,0.8,0.25,1.0,0.5,3.0,0.5,0.75,4116,0.6719,0.2396,0.5785
60,1.5,0.8,0.0,1.0,0.75,2.0,0.0,0.0,4116,0.6719,0.2396,0.5814
80,1.5,0.8,0.0,1.0,0.75,3.0,0.0,0.75,4116,0.672,0.2397,0.5763
80,1.5,0.8,0.0,1.0,0.5,3.0,0.0,0.0,4116,0.672,0.2397,0.5739
60,2.0,0.8,0.0,1.0,0.9,3.0,0.0,0.0,4116,0.672,0.2396,0.5799
60,2.0,0.8,0.0,1.0,0.75,3.0,0.5,0.0,4116,0.672,0.2396,0.576
80,1.5,0.8,0.0,1.0,0.5,3.0,0.5,0.0,4116,0.672,0.2397,0.5739
80,1.5,0.8,0.0,1.0,0.75,3.0,0.5,0.75,4116,0.6722,0.2397,0.5753
80,2.0,0.8,0.0,1.0,0.5,3.0,0.0,0.75,4116,0.6722,0.2398,0.5748
60,2.0,0.8,0.0,1.0,0.5,2.0,0.5,0.0,4116,0.6722,0.2398,0.5792
80,2.0,0.8,0.0,1.0,0.5,3.0,0.5,0.75,4116,0.6722,0.2398,0.5748
60,1.5,0.8,0.0,1.0,0.75,2.0,0.5,0.0,4116,0.6722,0.2397,0.5816
60,1.5,0.8,0.0,1.0,0.9,2.0,0.5,0.0,4116,0.6722,0.2397,0.5802
80,1.5,0.8,0.25,1.0,0.9,3.0,0.0,0.75,4116,0.6722,0.2397,0.5734
60,2.0,0.8,0.0,1.0,0.5,2.0,0.0,0.0,4116,0.6722,0.2398,0.5792
100,2.0,0.8,0.0,1.0,0.5,3.0,0.5,0.75,4116,0.6723,0.2398,0.5748
100,2.0,0.8,0.0,1.0,0.5,2.0,0.0,0.75,4116,0.6723,0.2398,0.576
100,2.0,0.8,0.0,1.0,0.5,2.0,0.5,0.75,4116,0.6723,0.2398,0.576
100,2.0,0.8,0.0,1.0,0.5,3.0,0.0,0.75,4116,0.6723,0.2398,0.5748
60,2.0,0.8,0.25,1.0,0.5,3.0,0.0,0.0,4116,0.6724,0.2398,0.5811
60,2.0,0.8,0.0,1.0,0.9,3.0,0.5,0.0,4116,0.6724,0.2398,0.5753
60,2.0,0.8,0.25,1.0,0.5,3.0,0.5,0.0,4116,0.6724,0.2398,0.5811
80,1.5,0.8,0.0,1.0,0.5,3.0,0.5,0.75,4116,0.6725,0.2399,0.5729
80,1.5,0.8,0.0,1.0,0.9,3.0,0.0,0.75,4116,0.6725,0.2399,0.5697
80,1.5,0.8,0.0,1.0,0.5,3.0,0.0,0.75,4116,0.6725,0.2399,0.5729
80,1.5,0.8,0.25,1.0,0.9,3.0,0.5,0.75,4116,0.6726,0.2399,0.5714
60,2.0,0.8,0.25,1.0,0.75,3.0,0.0,0.75,4116,0.6726,0.2399,0.5768
60,1.5,0.8,0.25,1.0,0.75,2.0,0.0,0.75,4116,0.6726,0.2399,0.5816
60,2.0,0.8,0.0,1.0,0.5,2.0,0.0,0.75,4116,0.6727,0.24,0.5731
60,1.5,0.8,0.25,1.0,0.9,2.0,0.0,0.75,4116,0.6727,0.2399,0.5811
60,2.0,0.8,0.0,1.0,0.5,2.0,0.5,0.75,4116,0.6727,0.24,0.5731
130,2.0,0.8,0.25,1.0,0.5,3.0,0.0,0.0,4116,0.6728,0.2398,0.5809
130,2.0,0.8,0.25,1.0,0.5,3.0,0.5,0.0,4116,0.6728,0.2398,0.5809
60,2.0,0.8,0.25,1.0,0.5,3.0,0.5,0.75,4116,0.6728,0.2401,0.577
60,2.0,0.8,0.25,1.0,0.5,3.0,0.0,0.75,4116,0.6728,0.2401,0.577
60,1.5,0.8,0.25,1.0,0.5,2.0,0.0,0.0,4116,0.6728,0.24,0.5828
60,1.5,0.8,0.25,1.0,0.5,2.0,0.5,0.0,4116,0.6728,0.24,0.5828
60,2.0,0.8,0.25,1.0,0.75,3.0,0.5,0.75,4116,0.6728,0.24,0.5751
60,1.5,0.8,0.25,1.0,0.75,2.0,0.5,0.75,4116,0.6728,0.24,0.5821
80,1.5,0.8,0.0,1.0,0.9,3.0,0.5,0.75,4116,0.6729,0.2401,0.5692
60,1.5,0.8,0.0,1.0,0.9,2.0,0.0,0.75,4116,0.6731,0.2402,0.5785
60,2.0,0.8,0.25,1.0,0.9,3.0,0.0,0.75,4116,0.6731,0.2401,0.5736
60,1.5,0.8,0.0,1.0,0.75,2.0,0.0,0.75,4116,0.6731,0.2402,0.578
60,1.5,0.8,0.25,1.0,0.9,2.0,0.5,0.75,4116,0.6731,0.2401,0.578
60,2.0,0.8,0.0,1.0,0.5,3.0,0.5,0.0,4116,0.6732,0.2403,0.5751
60,2.0,0.8,0.0,1.0,0.5,3.0,0.0,0.0,4116,0.6732,0.2403,0.5751
60,2.0,0.8,0.0,1.0,0.75,3.0,0.0,0.75,4116,0.6732,0.2402,0.5756
60,1.5,0.8,0.25,1.0,0.5,2.0,0.0,0.75,4116,0.6732,0.2402,0.5787
60,1.5,0.8,0.25,1.0,0.5,2.0,0.5,0.75,4116,0.6732,0.2402,0.5787
60,1.5,0.8,0.0,1.0,0.75,2.0,0.5,0.75,4116,0.6733,0.2403,0.577
60,1.5,0.8,0.0,1.0,0.5,2.0,0.5,0.0,4116,0.6734,0.2404,0.5802
60,1.5,0.8,0.0,1.0,0.5,2.0,0.0,0.0,4116,0.6734,0.2404,0.5802
60,2.0,0.8,0.0,1.0,0.75,3.0,0.5,0.75,4116,0.6734,0.2403,0.5731
130,2.0,0.8,0.25,1.0,0.5,2.0,0.0,0.0,4116,0.6735,0.24,0.5855
60,1.5,0.8,0.25,1.0,0.75,3.0,0.0,0.0,4116,0.6735,0.2403,0.585
130,2.0,0.8,0.25,1.0,0.5,2.0,0.5,0.0,4116,0.6735,0.24,0.5855
60,2.0,0.8,0.25,1.0,0.9,3.0,0.5,0.75,4116,0.6735,0.2403,0.5719
60,1.5,0.8,0.0,1.0,0.9,2.0,0.5,0.75,4116,0.6735,0.2404,0.578
40,2.0,0.8,0.25,1.0,0.9,2.0,0.0,0.0,4116,0.6736,0.2403,0.5833
130,2.0,0.8,0.25,1.0,0.5,3.0,0.0,0.75,4116,0.6737,0.2402,0.578
130,2.0,0.8,0.25,1.0,0.5,3.0,0.5,0.75,4116,0.6737,0.2402,0.578
60,2.0,0.8,0.0,1.0,0.9,3.0,0.0,0.75,4116,0.6737,0.2404,0.57
40,2.0,0.8,0.25,1.0,0.75,2.0,0.0,0.0,4116,0.6737,0.2404,0.5809
60,1.5,0.8,0.25,1.0,0.75,3.0,0.5,0.0,4116,0.6737,0.2404,0.5845
60,2.0,0.8,0.0,1.0,0.5,3.0,0.0,0.75,4116,0.6737,0.2405,0.5712
60,2.0,0.8,0.0,1.0,0.5,3.0,0.5,0.75,4116,0.6737,0.2405,0.5712
60,1.5,0.8,0.25,1.0,0.9,3.0,0.0,0.0,4116,0.6738,0.2405,0.5828
60,1.5,0.8,0.0,1.0,0.5,2.0,0.0,0.75,4116,0.6738,0.2406,0.5731
60,1.5,0.8,0.0,1.0,0.5,2.0,0.5,0.75,4116,0.6738,0.2406,0.5731
60,1.5,0.8,0.0,1.0,0.75,3.0,0.0,0.0,4116,0.6739,0.2405,0.5804
40,2.0,0.8,0.25,1.0,0.75,2.0,0.5,0.0,4116,0.674,0.2406,0.5816
60,1.5,0.8,0.25,1.0,0.5,3.0,0.5,0.0,4116,0.6741,0.2407,0.5802
60,1.5,0.8,0.25,1.0,0.5,3.0,0.0,0.0,4116,0.6741,0.2407,0.5802
40,2.0,0.8,0.25,1.0,0.9,2.0,0.5,0.0,4116,0.6741,0.2406,0.5797
60,2.0,0.8,0.0,1.0,0.9,3.0,0.5,0.75,4116,0.6741,0.2406,0.569
60,1.5,0.8,0.0,1.0,0.75,3.0,0.5,0.0,4116,0.6741,0.2406,0.5797
60,1.5,0.8,0.0,1.0,0.9,3.0,0.0,0.0,4116,0.6742,0.2407,0.5773
60,1.5,0.8,0.25,1.0,0.9,3.0,0.5,0.0,4116,0.6743,0.2407,0.5809
40,2.0,0.8,0.0,1.0,0.9,2.0,0.0,0.0,4116,0.6743,0.2407,0.5751
130,2.0,0.8,0.0,1.0,0.5,3.0,0.0,0.0,4116,0.6744,0.2406,0.5797
130,2.0,0.8,0.0,1.0,0.5,3.0,0.5,0.0,4116,0.6744,0.2406,0.5797
40,2.0,0.8,0.0,1.0,0.75,2.0,0.0,0.0,4116,0.6744,0.2408,0.5758
130,2.0,0.8,0.25,1.0,0.5,2.0,0.0,0.75,4116,0.6745,0.2404,0.5824
130,2.0,0.8,0.25,1.0,0.5,2.0,0.5,0.75,4116,0.6745,0.2404,0.5824
60,1.5,0.8,0.25,1.0,0.5,3.0,0.5,0.75,4116,0.6745,0.2408,0.5773
60,1.5,0.8,0.25,1.0,0.5,3.0,0.0,0.75,4116,0.6745,0.2408,0.5773
40,2.0,0.8,0.0,1.0,0.9,2.0,0.5,0.0,4116,0.6747,0.2409,0.5702
60,1.5,0.8,0.0,1.0,0.5,3.0,0.0,0.0,4116,0.6747,0.2409,0.5751
60,1.5,0.8,0.0,1.0,0.9,3.0,0.5,0.0,4116,0.6747,0.2409,0.5731
60,1.5,0.8,0.0,1.0,0.5,3.0,0.5,0.0,4116,0.6747,0.2409,0.5751
40,2.0,0.8,0.0,1.0,0.75,2.0,0.5,0.0,4116,0.6747,0.2409,0.5746
40,2.0,0.8,0.25,1.0,0.75,2.0,0.0,0.75,4116,0.6748,0.241,0.5763
60,1.5,0.8,0.25,1.0,0.75,3.0,0.0,0.75,4116,0.6748,0.2409,0.576
40,2.0,0.8,0.25,1.0,0.5,2.0,0.0,0.0,4116,0.6748,0.241,0.5794
40,2.0,0.8,0.25,1.0,0.5,2.0,0.5,0.0,4116,0.6748,0.241,0.5794
60,1.5,0.8,0.25,1.0,0.75,3.0,0.5,0.75,4116,0.6749,0.241,0.576
40,2.0,0.8,0.25,1.0,0.9,2.0,0.0,0.75,4116,0.6749,0.241,0.5777
60,1.5,0.8,0.0,1.0,0.5,3.0,0.0,0.75,4116,0.675,0.2411,0.5724
60,1.5,0.8,0.0,1.0,0.5,3.0,0.5,0.75,4116,0.675,0.2411,0.5724
40,2.0,0.8,0.25,1.0,0.75,2.0,0.5,0.75,4116,0.6751,0.2411,0.5758
60,1.5,0.8,0.0,1.0,0.75,3.0,0.0,0.75,4116,0.6751,0.2411,0.5751
60,1.5,0.8,0.0,1.0,0.75,3.0,0.5,0.75,4116,0.6753,0.2412,0.5741
130,2.0,0.8,0.0,1.0,0.5,3.0,0.0,0.75,4116,0.6753,0.241,0.577
130,2.0,0.8,0.0,1.0,0.5,3.0,0.5,0.75,4116,0.6753,0.241,0.577
60,1.5,0.8,0.25,1.0,0.9,3.0,0.0,0.75,4116,0.6753,0.2412,0.5714
40,2.0,0.8,0.25,1.0,0.5,2.0,0.0,0.75,4116,0.6753,0.2412,0.579
40,2.0,0.8,0.25,1.0,0.9,2.0,0.5,0.75,4116,0.6753,0.2412,0.5748
40,2.0,0.8,0.25,1.0,0.5,2.0,0.5,0.75,4116,0.6753,0.2412,0.579
40,2.0,0.8,0.0,1.0,0.75,2.0,0.0,0.75,4116,0.6755,0.2413,0.5722
40,2.0,0.8,0.0,1.0,0.9,2.0,0.0,0.75,4116,0.6755,0.2413,0.5729
130,2.0,0.8,0.0,1.0,0.5,2.0,0.0,0.0,4116,0.6756,0.241,0.5807
130,2.0,0.8,0.0,1.0,0.5,2.0,0.5,0.0,4116,0.6756,0.241,0.5807
40,2.0,0.8,0.0,1.0,0.5,2.0,0.0,0.0,4116,0.6756,0.2414,0.5743
40,2.0,0.8,0.0,1.0,0.5,2.0,0.5,0.0,4116,0.6756,0.2414,0.5743
60,1.5,0.8,0.25,1.0,0.9,3.0,0.5,0.75,4116,0.6757,0.2414,0.5709
60,1.5,0.8,0.0,1.0,0.9,3.0,0.0,0.75,4116,0.6757,0.2414,0.5707
40,2.0,0.8,0.0,1.0,0.75,2.0,0.5,0.75,4116,0.6757,0.2414,0.5726
40,2.0,0.8,0.25,1.0,0.75,3.0,0.0,0.0,4116,0.6757,0.2414,0.5785
40,2.0,0.8,0.0,1.0,0.9,2.0,0.5,0.75,4116,0.6759,0.2415,0.5722
40,2.0,0.8,0.25,1.0,0.75,3.0,0.5,0.0,4116,0.676,0.2415,0.5775
40,2.0,0.8,0.25,1.0,0.9,3.0,0.0,0.0,4116,0.676,0.2415,0.5816
40,2.0,0.8,0.0,1.0,0.5,2.0,0.0,0.75,4116,0.676,0.2416,0.5717
40,2.0,0.8,0.0,1.0,0.5,2.0,0.5,0.75,4116,0.676,0.2416,0.5717
60,1.5,0.8,0.0,1.0,0.9,3.0,0.5,0.75,4116,0.676,0.2416,0.5673
40,2.0,0.8,0.25,1.0,0.5,3.0,0.5,0.0,4116,0.6761,0.2416,0.5792
40,1.5,0.8,0.25,1.0,0.9,2.0,0.0,0.0,4116,0.6761,0.2416,0.587
40,2.0,0.8,0.25,1.0,0.5,3.0,0.0,0.0,4116,0.6761,0.2416,0.5792
40,1.5,0.8,0.25,1.0,0.75,2.0,0.0,0.0,4116,0.6762,0.2416,0.5836
40,2.0,0.8,0.0,1.0,0.75,3.0,0.0,0.0,4116,0.6763,0.2417,0.5705
130,2.0,0.8,0.0,1.0,0.5,2.0,0.0,0.75,4116,0.6765,0.2414,0.5758
130,2.0,0.8,0.0,1.0,0.5,2.0,0.5,0.75,4116,0.6765,0.2414,0.5758
40,1.5,0.8,0.0,1.0,0.9,2.0,0.0,0.0,4116,0.6765,0.2418,0.577
40,2.0,0.8,0.25,1.0,0.5,3.0,0.5,0.75,4116,0.6765,0.2418,0.5773
40,1.5,0.8,0.25,1.0,0.75,2.0,0.5,0.0,4116,0.6765,0.2418,0.5826
40,2.0,0.8,0.0,1.0,0.75,3.0,0.5,0.0,4116,0.6765,0.2418,0.5709
40,2.0,0.8,0.25,1.0,0.5,3.0,0.0,0.75,4116,0.6765,0.2418,0.5773
40,1.5,0.8,0.25,1.0,0.9,2.0,0.5,0.0,4116,0.6766,0.2418,0.5809
40,2.0,0.8,0.25,1.0,0.9,3.0,0.5,0.0,4116,0.6766,0.2418,0.5802
40,2.0,0.8,0.0,1.0,0.9,3.0,0.0,0.0,4116,0.6766,0.2418,0.5743
40,1.5,0.8,0.0,1.0,0.75,2.0,0.0,0.0,4116,0.6766,0.2418,0.5775
40,2.0,0.8,0.0,1.0,0.5,3.0,0.0,0.0,4116,0.6768,0.2419,0.5751
40,2.0,0.8,0.0,1.0,0.5,3.0,0.5,0.0,4116,0.6768,0.2419,0.5751
40,1.5,0.8,0.0,1.0,0.75,2.0,0.5,0.0,4116,0.6769,0.242,0.577
40,2.0,0.8,0.25,1.0,0.75,3.0,0.0,0.75,4116,0.6769,0.242,0.5748
40,1.5,0.8,0.25,1.0,0.5,2.0,0.0,0.0,4116,0.677,0.242,0.5797
40,1.5,0.8,0.25,1.0,0.5,2.0,0.5,0.0,4116,0.677,0.242,0.5797
40,2.0,0.8,0.25,1.0,0.75,3.0,0.5,0.75,4116,0.677,0.242,0.5739
40,1.5,0.8,0.0,1.0,0.9,2.0,0.5,0.0,4116,0.677,0.242,0.5741
40,2.0,0.8,0.0,1.0,0.5,3.0,0.0,0.75,4116,0.6771,0.2421,0.5707
40,2.0,0.8,0.0,1.0,0.9,3.0,0.5,0.0,4116,0.6771,0.242,0.5692
40,2.0,0.8,0.0,1.0,0.5,3.0,0.5,0.75,4116,0.6771,0.2421,0.5707
40,1.5,0.8,0.25,1.0,0.75,2.0,0.0,0.75,4116,0.6772,0.2421,0.578
40,1.5,0.8,0.25,1.0,0.75,2.0,0.5,0.75,4116,0.6773,0.2422,0.5782
40,1.5,0.8,0.25,1.0,0.5,2.0,0.0,0.75,4116,0.6773,0.2422,0.5777
40,1.5,0.8,0.25,1.0,0.5,2.0,0.5,0.75,4116,0.6773,0.2422,0.5777
40,1.5,0.8,0.25,1.0,0.9,2.0,0.0,0.75,4116,0.6773,0.2422,0.5787
40,2.0,0.8,0.0,1.0,0.75,3.0,0.0,0.75,4116,0.6774,0.2422,0.5714
40,2.0,0.8,0.25,1.0,0.9,3.0,0.0,0.75,4116,0.6774,0.2422,0.5688
40,1.5,0.8,0.0,1.0,0.5,2.0,0.0,0.0,4116,0.6775,0.2423,0.5731
40,1.5,0.8,0.0,1.0,0.5,2.0,0.5,0.0,4116,0.6775,0.2423,0.5731
40,1.5,0.8,0.25,1.0,0.9,2.0,0.5,0.75,4116,0.6776,0.2423,0.5743
40,1.5,0.8,0.0,1.0,0.75,2.0,0.0,0.75,4116,0.6776,0.2423,0.578
40,2.0,0.8,0.0,1.0,0.75,3.0,0.5,0.75,4116,0.6776,0.2423,0.5705
40,1.5,0.8,0.0,1.0,0.75,2.0,0.5,0.75,4116,0.6777,0.2424,0.577
40,1.5,0.8,0.0,1.0,0.9,2.0,0.0,0.75,4116,0.6777,0.2424,0.576
40,2.0,0.8,0.25,1.0,0.9,3.0,0.5,0.75,4116,0.6777,0.2424,0.5654
40,1.5,0.8,0.0,1.0,0.5,2.0,0.0,0.75,4116,0.6778,0.2424,0.5729
40,1.5,0.8,0.0,1.0,0.5,2.0,0.5,0.75,4116,0.6778,0.2424,0.5729
40,2.0,0.8,0.0,1.0,0.9,3.0,0.0,0.75,4116,0.6779,0.2425,0.5654
40,1.5,0.8,0.0,1.0,0.9,2.0,0.5,0.75,4116,0.678,0.2425,0.5719
40,1.5,0.8,0.25,1.0,0.75,3.0,0.0,0.0,4116,0.6781,0.2425,0.5785
40,2.0,0.8,0.0,1.0,0.9,3.0,0.5,0.75,4116,0.6782,0.2426,0.5627
40,1.5,0.8,0.25,1.0,0.5,3.0,0.5,0.0,4116,0.6782,0.2426,0.5777
40,1.5,0.8,0.25,1.0,0.5,3.0,0.0,0.0,4116,0.6782,0.2426,0.5777
40,1.5,0.8,0.25,1.0,0.75,3.0,0.5,0.0,4116,0.6783,0.2426,0.5794
40,1.5,0.8,0.25,1.0,0.9,3.0,0.0,0.0,4116,0.6784,0.2427,0.5799
40,1.5,0.8,0.0,1.0,0.75,3.0,0.0,0.0,4116,0.6784,0.2427,0.5729
40,1.5,0.8,0.25,1.0,0.5,3.0,0.0,0.75,4116,0.6785,0.2428,0.576
40,1.5,0.8,0.25,1.0,0.5,3.0,0.5,0.75,4116,0.6785,0.2428,0.576
40,1.5,0.8,0.0,1.0,0.5,3.0,0.0,0.0,4116,0.6786,0.2428,0.5702
40,1.5,0.8,0.0,1.0,0.5,3.0,0.5,0.0,4116,0.6786,0.2428,0.5702
40,1.5,0.8,0.0,1.0,0.75,3.0,0.5,0.0,4116,0.6786,0.2428,0.5734
40,1.5,0.8,0.0,1.0,0.9,3.0,0.0,0.0,4116,0.6788,0.2429,0.5729
40,1.5,0.8,0.25,1.0,0.9,3.0,0.5,0.0,4116,0.6789,0.2429,0.5787
40,1.5,0.8,0.0,1.0,0.5,3.0,0.5,0.75,4116,0.6789,0.243,0.5705
40,1.5,0.8,0.0,1.0,0.5,3.0,0.0,0.75,4116,0.6789,0.243,0.5705
40,1.5,0.8,0.25,1.0,0.75,3.0,0.0,0.75,4116,0.6791,0.243,0.5775
40,1.5,0.8,0.0,1.0,0.9,3.0,0.5,0.0,4116,0.6792,0.2431,0.5741
40,1.5,0.8,0.25,1.0,0.75,3.0,0.5,0.75,4116,0.6792,0.2431,0.5775
40,1.5,0.8,0.0,1.0,0.75,3.0,0.0,0.75,4116,0.6794,0.2432,0.5741
40,1.5,0.8,0.0,1.0,0.75,3.0,0.5,0.75,4116,0.6795,0.2433,0.5743
40,1.5,0.8,0.25,1.0,0.9,3.0,0.0,0.75,4116,0.6796,0.2433,0.5675
40,1.5,0.8,0.25,1.0,0.9,3.0,0.5,0.75,4116,0.6798,0.2434,0.5685
40,1.5,0.8,0.0,1.0,0.9,3.0,0.0,0.75,4116,0.6799,0.2434,0.5649
60,1.5,0.8,0.25,1.0,0.0,3.0,0.0,0.0,4116,0.6801,0.2436,0.5547
40,1.5,0.8,0.0,1.0,0.9,3.0,0.5,0.75,4116,0.6802,0.2436,0.5637
60,1.5,0.8,0.25,1.25,0.0,3.0,0.0,0.0,4116,0.6802,0.2436,0.5581
40,1.5,0.8,0.25,1.25,0.0,3.0,0.0,0.0,4116,0.6803,0.2437,0.5559
40,2.0,0.8,0.25,1.25,0.0,3.0,0.0,0.0,4116,0.6804,0.2437,0.5559
40,2.0,0.8,0.25,1.0,0.0,3.0,0.0,0.0,4116,0.6806,0.2439,0.5559
40,1.5,0.8,0.25,1.0,0.0,3.0,0.0,0.0,4116,0.681,0.244,0.5544
40,1.5,0.8,0.0,1.25,0.0,3.0,0.0,0.0,4116,0.6813,0.2442,0.5552
60,1.5,0.8,0.0,1.0,0.0,3.0,0.0,0.0,4116,0.6813,0.2442,0.552
80,1.5,0.8,0.25,1.0,0.0,3.0,0.0,0.0,4116,0.6814,0.2441,0.5566
60,1.5,0.8,0.0,1.25,0.0,3.0,0.0,0.0,4116,0.6817,0.2444,0.5554
40,1.5,0.8,0.0,1.0,0.0,3.0,0.0,0.0,4116,0.6817,0.2444,0.55
40,2.0,0.8,0.0,1.0,0.0,3.0,0.0,0.0,4116,0.6818,0.2444,0.5525
60,2.0,0.8,0.25,1.0,0.0,3.0,0.0,0.0,4116,0.6819,0.2444,0.5559
40,2.0,0.8,0.0,1.25,0.0,3.0,0.0,0.0,4116,0.6819,0.2445,0.5513
80,1.5,0.8,0.25,1.25,0.0,3.0,0.0,0.0,4116,0.6827,0.2446,0.5573
80,1.5,0.8,0.0,1.0,0.0,3.0,0.0,0.0,4116,0.683,0.2449,0.5549
60,2.0,0.8,0.25,1.25,0.0,3.0,0.0,0.0,4116,0.6831,0.2449,0.5586
60,2.0,0.8,0.0,1.0,0.0,3.0,0.0,0.0,4116,0.6837,0.2453,0.5544
100,1.5,0.8,0.25,1.0,0.0,3.0,0.0,0.0,4116,0.6845,0.2454,0.5583
80,1.5,0.8,0.0,1.25,0.0,3.0,0.0,0.0,4116,0.6847,0.2456,0.5544
60,2.0,0.8,0.0,1.25,0.0,3.0,0.0,0.0,4116,0.6855,0.246,0.5532
80,2.0,0.8,0.25,1.0,0.0,3.0,0.0,0.0,4116,0.6862,0.2462,0.5559
100,1.5,0.8,0.0,1.0,0.0,3.0,0.0,0.0,4116,0.6865,0.2463,0.5552
100,1.5,0.8,0.25,1.25,0.0,3.0,0.0,0.0,4116,0.6875,0.2464,0.5581
80,2.0,0.8,0.0,1.0,0.0,3.0,0.0,0.0,4116,0.6888,0.2473,0.5544
80,2.0,0.8,0.25,1.25,0.0,3.0,0.0,0.0,4116,0.6897,0.2474,0.5554
100,1.5,0.8,0.0,1.25,0.0,3.0,0.0,0.0,4116,0.6901,0.2476,0.5564
130,1.5,0.8,0.25,1.0,0.0,3.0,0.0,0.0,4116,0.6922,0.2482,0.5522
80,2.0,0.8,0.0,1.25,0.0,3.0,0.0,0.0,4116,0.693,0.2488,0.5539
100,2.0,0.8,0.25,1.0,0.0,3.0,0.0,0.0,4116,0.6932,0.2488,0.5539
130,1.5,0.8,0.0,1.0,0.0,3.0,0.0,0.0,4116,0.6949,0.2494,0.5539
100,2.0,0.8,0.0,1.0,0.0,3.0,0.0,0.0,4116,0.6965,0.2502,0.553
130,1.5,0.8,0.25,1.25,0.0,3.0,0.0,0.0,4116,0.6985,0.2503,0.5588
100,2.0,0.8,0.25,1.25,0.0,3.0,0.0,0.0,4116,0.6995,0.2509,0.5552
130,1.5,0.8,0.0,1.25,0.0,3.0,0.0,0.0,4116,0.702,0.2518,0.5559
100,2.0,0.8,0.0,1.25,0.0,3.0,0.0,0.0,4116,0.7038,0.2526,0.5534
130,2.0,0.8,0.25,1.0,0.0,3.0,0.0,0.0,4116,0.7082,0.2539,0.5537
130,2.0,0.8,0.0,1.0,0.0,3.0,0.0,0.0,4116,0.7128,0.2557,0.5505
130,2.0,0.8,0.25,1.25,0.0,3.0,0.0,0.0,4116,0.7199,0.2575,0.5527
130,2.0,0.8,0.0,1.25,0.0,3.0,0.0,0.0,4116,0.7259,0.2596,0.5527
